class,cap-shape,cap-surface,cap-color,bruises
p,x,s,n,t
e,x,s,y,t
e,b,s,w,t
p,x,y,w,t
e,x,s,g,f
e,x,y,y,t
e,b,s,w,t
e,b,y,w,t
p,x,y,w,t
e,b,s,y,t
e,x,y,y,t
e,x,y,y,t
e,b,s,y,t
p,x,y,w,t
e,x,f,n,f
e,s,f,g,f
e,f,f,w,f
p,x,s,n,t
p,x,y,w,t
p,x,s,n,t
e,b,s,y,t
p,x,y,n,t
e,b,y,y,t
e,b,y,w,t
e,b,s,w,t
p,f,s,w,t
e,x,y,y,t
e,x,y,w,t
e,f,f,n,f
e,x,s,y,t
e,b,s,y,t
p,x,y,w,t
e,x,y,y,t
e,x,y,n,t
e,b,y,y,t
e,x,f,y,t
e,s,f,g,f
p,x,y,n,t
e,x,f,y,t
e,b,s,y,t
e,b,y,y,t
e,x,y,y,t
e,x,f,n,f
p,x,y,w,t
e,x,s,y,t
e,x,y,w,t
e,x,y,y,t
e,x,s,w,t
e,x,y,y,t
e,f,y,y,t
e,x,y,n,t
e,x,s,w,t
e,b,s,w,t
p,x,y,n,t
p,x,s,w,t
e,b,y,y,t
e,f,f,g,f
e,b,s,w,t
e,x,s,y,t
e,x,y,n,t
e,s,f,g,f
e,b,y,y,t
e,b,s,y,t
e,b,y,y,t
e,b,y,w,t
e,f,s,n,f
e,x,s,w,t
e,f,y,y,t
e,x,y,y,t
e,x,f,g,f
e,f,f,y,t
e,b,y,w,t
e,f,f,y,t
e,x,y,n,t
e,b,s,y,t
e,f,s,y,t
e,x,s,w,t
e,f,y,n,t
p,x,y,n,t
e,f,y,n,t
e,x,s,n,f
p,x,y,w,t
e,f,f,g,f
e,x,f,g,f
e,x,y,y,t
e,x,s,n,f
e,b,s,w,t
e,x,s,w,t
e,f,y,n,t
e,s,f,n,f
e,x,f,n,f
e,b,s,w,t
e,x,y,y,t
e,x,y,y,t
e,x,s,n,f
e,x,s,w,t
e,f,y,n,t
e,x,s,y,t
e,b,s,w,t
e,x,y,w,t
e,x,f,n,f
e,b,s,y,t
e,f,y,y,t
e,x,y,y,t
e,b,y,w,t
e,x,y,y,t
e,x,y,y,t
e,b,y,w,t
e,b,y,w,t
e,x,s,y,t
e,x,s,y,t
e,s,f,g,f
e,x,f,w,t
e,x,s,y,t
p,x,y,w,t
e,x,y,y,t
e,s,f,g,f
e,x,y,y,t
e,x,s,y,t
e,s,f,n,f
p,x,s,w,t
e,x,y,w,t
p,f,y,n,t
e,f,s,g,f
e,x,s,y,t
e,x,s,w,f
e,b,s,y,t
e,f,f,g,f
e,x,s,w,t
e,b,s,w,t
e,b,s,w,t
e,b,y,w,t
e,f,s,w,t
e,x,y,y,t
e,f,s,w,t
p,x,y,w,t
e,f,f,w,t
e,x,y,y,t
p,x,s,n,t
e,b,s,y,t
e,x,y,n,t
e,b,y,y,t
e,s,f,n,f
e,f,y,n,t
e,x,y,y,t
e,x,f,g,f
e,f,f,w,f
e,x,y,y,t
e,b,s,y,t
e,b,y,w,t
e,x,y,w,t
e,x,s,n,f
e,x,y,w,t
e,s,f,n,f
e,x,s,w,t
e,x,y,n,t
e,b,y,y,t
e,x,y,w,t
e,b,y,w,t
e,b,s,y,t
e,b,s,y,t
e,b,y,y,t
e,x,f,n,f
e,f,y,n,t
e,x,y,w,t
e,f,y,y,t
e,b,s,w,t
e,b,s,w,t
e,x,y,n,t
e,b,s,w,t
e,x,f,g,f
e,b,s,y,t
e,x,f,y,t
e,b,y,y,t
e,f,y,y,t
e,b,y,w,t
e,b,y,w,t
e,b,y,y,t
e,x,y,y,t
e,b,s,y,t
p,x,y,w,t
e,s,f,n,f
e,f,f,n,f
e,x,s,y,t
e,f,y,n,t
p,x,y,w,t
e,b,s,w,t
e,f,f,g,f
e,b,y,y,t
e,x,y,n,t
e,x,f,w,f
e,x,s,w,t
e,b,s,w,t
e,f,s,y,t
e,x,s,y,t
e,f,f,g,f
e,b,s,y,t
e,x,s,w,t
e,x,y,w,t
e,f,s,w,t
e,x,y,y,t
e,b,s,w,t
e,x,s,w,t
e,x,f,w,f
e,f,y,n,t
p,x,s,w,t
e,b,s,w,t
e,b,s,w,t
e,b,y,w,t
e,b,y,w,t
e,x,s,y,t
e,b,s,w,t
e,x,f,y,t
e,x,f,g,f
e,f,y,y,t
e,b,s,w,t
e,x,s,y,t
e,x,y,y,t
e,x,y,w,t
e,s,f,g,f
e,x,s,w,t
p,x,s,w,t
e,x,y,y,t
e,f,f,w,t
e,x,y,w,t
e,b,y,w,t
e,x,s,w,t
e,x,s,y,t
p,x,y,n,t
e,b,s,y,t
e,x,f,g,f
p,x,y,w,t
e,x,y,y,t
e,f,f,n,f
e,b,s,w,t
e,x,f,w,t
e,x,y,w,t
e,b,y,y,t
e,x,y,y,t
e,f,y,y,t
e,f,y,y,t
e,x,s,w,t
e,x,s,w,t
p,x,s,w,t
e,f,f,w,t
e,x,s,w,t
e,x,s,w,t
e,x,y,w,t
e,f,y,y,t
e,x,s,n,f
e,f,y,y,t
p,x,s,n,t
e,s,f,n,f
e,b,y,y,t
e,b,s,w,t
e,b,y,w,t
e,f,f,n,f
e,x,s,w,t
e,b,y,w,t
e,b,y,w,t
e,f,y,n,t
p,x,y,w,t
e,x,s,w,t
e,x,y,w,t
e,f,f,w,t
e,f,f,g,f
e,f,s,g,f
e,x,y,y,t
e,b,s,w,t
p,f,y,n,t
e,x,s,w,t
p,f,s,n,t
e,x,y,w,t
e,x,y,y,t
e,f,y,y,t
e,x,y,n,t
e,f,y,n,t
e,x,y,w,t
e,f,f,n,f
e,x,s,y,t
p,x,y,w,t
e,b,y,y,t
e,s,f,n,f
e,x,s,y,t
e,b,y,w,t
e,f,y,n,t
e,b,y,y,t
e,b,y,w,t
e,x,y,n,t
e,f,f,g,f
e,x,f,g,f
e,b,y,y,t
e,x,s,y,t
e,b,y,w,t
e,x,s,w,t
e,b,s,y,t
e,x,s,y,t
e,x,f,g,f
e,f,s,y,t
p,x,y,w,t
e,x,f,w,f
e,b,y,w,t
e,x,s,y,t
e,b,y,w,t
e,x,y,w,t
e,x,f,n,t
e,b,y,w,t
e,x,s,y,t
e,f,y,n,t
e,x,f,w,f
e,x,s,y,t
p,x,y,w,t
e,x,y,y,t
e,x,f,w,t
e,b,s,y,t
p,x,y,w,t
e,x,s,y,t
e,x,y,w,t
e,x,f,w,t
e,f,s,w,t
e,x,y,y,t
e,f,f,y,t
e,x,s,w,t
e,b,y,y,t
e,x,y,n,t
e,b,y,w,t
e,x,s,y,t
p,x,y,n,t
e,b,s,y,t
e,b,y,w,t
p,x,y,n,t
e,b,s,w,t
e,b,y,y,t
e,b,y,y,t
e,x,y,w,t
e,x,f,n,t
e,x,y,n,t
e,b,s,y,t
e,x,f,g,f
e,x,y,n,t
e,x,s,w,t
e,b,y,w,t
e,x,s,y,t
e,f,f,y,t
e,b,y,y,t
e,x,f,n,f
e,x,f,y,t
e,x,s,y,t
e,f,s,g,f
e,x,f,n,f
e,f,s,g,f
e,f,y,n,t
e,b,y,w,t
e,b,s,y,t
e,x,y,y,t
e,s,f,g,f
e,f,y,n,t
p,x,y,n,t
e,x,y,y,t
e,x,y,y,t
e,x,f,n,f
e,x,f,n,f
e,f,s,n,f
e,f,y,n,t
e,x,s,y,t
e,f,f,n,f
e,x,y,y,t
e,x,f,y,t
e,b,y,y,t
e,x,f,g,f
e,x,y,y,t
e,f,y,n,t
e,x,s,y,t
e,s,f,n,f
e,x,s,w,t
e,b,s,w,t
e,s,f,n,f
e,b,y,y,t
e,x,y,y,t
e,b,y,y,t
p,x,y,n,t
e,x,s,w,f
e,x,y,w,t
e,b,s,w,t
e,x,f,n,t
p,x,s,n,t
e,x,y,n,t
e,x,s,n,f
e,b,y,y,t
e,x,s,y,t
e,b,s,y,t
e,x,s,y,t
e,b,y,w,t
e,x,f,g,f
e,f,y,n,t
e,x,f,g,f
e,x,s,w,t
e,x,y,y,t
e,x,f,g,f
p,x,s,n,t
e,b,y,w,t
e,b,y,w,t
p,x,y,n,t
e,b,s,y,t
e,x,s,w,t
e,x,y,y,t
e,b,y,y,t
e,x,s,w,t
e,x,s,w,t
e,x,y,n,t
e,x,s,w,t
e,x,s,n,f
e,x,y,n,t
e,x,y,y,t
p,x,y,n,t
e,b,y,y,t
e,x,f,w,t
p,x,s,n,t
e,x,y,y,t
e,f,f,g,f
e,x,y,w,t
e,b,y,w,t
p,x,y,n,t
e,f,y,n,t
e,x,s,w,t
e,x,s,w,t
e,f,y,n,t
e,b,s,w,t
e,x,s,w,f
e,f,f,g,f
e,x,y,w,t
e,x,y,y,t
e,b,s,y,t
e,b,s,y,t
e,f,s,w,t
e,b,s,w,t
e,x,f,y,t
e,x,y,w,t
e,b,y,y,t
e,x,y,n,t
e,x,y,w,t
e,x,y,w,t
e,x,y,y,t
e,x,y,w,t
e,x,s,y,t
e,x,y,n,t
e,x,s,w,t
e,f,y,n,t
e,b,s,w,t
e,x,f,n,t
e,x,y,w,t
e,b,s,w,t
e,b,s,y,t
e,x,f,y,t
e,b,s,w,t
e,x,s,g,f
e,b,s,w,t
e,b,s,y,t
e,f,y,y,t
e,f,y,n,t
e,x,s,w,t
e,f,y,y,t
e,b,s,w,t
e,x,y,y,t
e,x,f,n,f
e,f,y,n,t
e,x,s,w,t
e,x,s,y,t
e,b,y,y,t
e,f,y,y,t
e,x,y,y,t
e,x,y,w,t
e,f,f,w,t
e,s,f,g,f
e,f,s,y,t
e,f,f,g,f
e,x,f,n,f
e,b,y,w,t
e,x,s,w,t
e,b,y,y,t
e,b,y,y,t
e,b,y,y,t
e,f,s,w,t
e,f,f,g,f
e,f,s,w,t
e,f,y,y,t
e,x,y,w,t
e,s,f,n,f
e,x,y,n,t
e,x,y,n,t
e,f,f,y,t
p,f,s,n,t
p,x,s,n,t
e,f,y,n,t
e,x,y,y,t
e,b,s,y,t
e,f,f,w,f
e,f,y,n,t
e,x,y,w,t
e,b,s,y,t
e,x,s,y,t
e,b,y,y,t
e,x,s,w,t
e,b,s,y,t
e,b,y,y,t
p,x,s,n,t
e,x,s,g,f
e,f,s,n,f
e,x,f,w,t
e,f,f,g,f
e,f,f,n,f
e,b,y,y,t
e,x,f,w,t
e,s,f,g,f
e,x,f,n,f
e,x,f,w,f
e,x,y,n,t
e,b,s,y,t
e,x,y,w,t
e,x,y,y,t
e,x,s,w,t
e,b,s,w,t
e,f,y,y,t
p,x,s,n,t
e,f,f,g,f
e,b,s,y,t
e,f,y,n,t
e,x,s,y,t
e,x,f,n,f
e,f,y,y,t
e,x,y,n,t
e,x,s,w,t
p,x,y,w,t
e,f,y,n,t
p,f,s,n,t
e,x,f,w,f
e,b,y,w,t
e,s,f,n,f
e,x,y,y,t
e,f,s,w,t
e,x,s,y,t
e,f,f,g,f
p,x,y,w,t
e,x,y,y,t
e,f,f,n,f
e,x,s,w,t
e,b,y,y,t
e,f,f,g,f
e,x,f,y,t
e,x,s,y,t
e,f,f,n,f
e,x,f,g,f
e,x,y,y,t
e,f,s,w,t
e,x,s,y,t
e,f,y,y,t
p,x,y,n,t
e,x,f,w,t
e,x,s,w,t
e,x,y,y,t
e,b,s,y,t
e,x,s,y,t
e,x,s,y,t
e,x,f,w,f
e,b,s,w,t
p,x,y,w,t
e,x,y,y,t
e,f,s,g,f
p,x,s,n,t
e,b,y,w,t
e,x,s,w,t
e,f,f,y,t
e,x,s,y,t
e,b,y,w,t
e,x,y,n,t
e,x,s,y,t
e,x,f,n,f
e,x,s,y,t
e,x,y,y,t
p,x,s,n,t
e,x,s,w,t
e,x,s,y,t
e,x,y,w,t
e,x,y,y,t
e,f,y,y,t
e,x,y,w,t
e,s,f,g,f
e,f,f,n,f
e,s,f,g,f
e,x,y,w,t
p,x,s,w,t
e,x,s,g,f
e,x,y,y,t
p,x,y,w,t
e,x,s,y,t
p,x,s,n,t
e,b,s,y,t
e,b,y,w,t
p,x,y,w,t
p,x,s,n,t
e,x,s,g,f
e,x,y,n,t
e,f,f,w,f
e,f,y,n,t
e,b,y,w,t
e,b,s,w,t
e,x,s,g,f
e,f,y,n,t
e,x,s,w,t
e,f,f,g,f
e,f,s,n,f
e,x,f,g,f
e,f,s,w,f
p,x,s,w,t
e,x,y,y,t
e,b,s,w,t
e,f,f,g,f
e,b,y,w,t
e,b,s,y,t
e,s,f,g,f
e,f,y,y,t
e,b,s,w,t
e,x,f,w,t
e,f,y,y,t
e,f,f,g,f
e,x,s,w,t
e,f,f,y,t
e,s,f,g,f
e,b,y,w,t
e,b,s,w,t
e,f,f,n,f
e,b,y,y,t
e,x,f,n,t
e,x,y,n,t
e,x,y,n,t
e,b,y,y,t
e,f,y,y,t
e,x,y,y,t
e,x,s,n,f
e,x,y,w,t
e,b,y,y,t
e,x,y,n,t
e,f,y,n,t
e,f,y,n,t
e,f,y,y,t
e,x,s,y,t
e,b,y,w,t
e,b,s,w,t
e,x,y,y,t
e,f,f,w,t
e,x,s,y,t
e,b,s,y,t
e,f,y,y,t
p,x,y,n,t
p,x,y,w,t
e,x,s,y,t
e,f,f,w,f
e,b,s,y,t
e,x,y,y,t
e,f,f,g,f
e,b,s,w,t
e,x,s,w,t
p,x,y,n,t
p,x,s,n,t
e,b,s,w,t
e,b,s,y,t
e,f,y,n,t
e,x,y,y,t
e,f,y,y,t
e,x,y,w,t
e,x,s,y,t
e,f,f,n,f
e,f,f,n,f
e,x,f,y,t
e,f,y,y,t
e,f,f,n,f
e,f,f,g,f
e,x,y,n,t
e,x,y,y,t
e,b,s,w,t
e,x,s,w,t
e,x,y,w,t
e,x,f,y,t
e,b,s,y,t
e,x,f,n,t
e,x,y,w,t
e,f,f,g,f
e,b,y,w,t
e,x,y,y,t
e,x,s,w,t
e,b,s,y,t
e,b,y,w,t
e,x,y,n,t
e,f,s,g,f
p,x,y,n,t
e,b,y,w,t
e,b,s,y,t
p,x,y,n,t
p,x,s,n,t
e,f,s,n,f
p,x,s,n,t
e,f,f,g,f
e,x,y,y,t
e,b,y,w,t
e,f,y,y,t
e,f,y,y,t
e,b,y,y,t
e,s,f,n,f
e,x,s,w,t
e,b,y,y,t
e,f,y,y,t
e,f,s,n,f
e,x,s,w,t
e,b,y,y,t
e,b,y,y,t
e,b,y,y,t
e,b,s,w,t
e,x,y,y,t
e,x,y,n,t
e,s,f,n,f
e,f,y,n,t
e,x,s,w,t
e,f,s,y,t
e,x,s,n,f
e,f,y,y,t
p,x,y,n,t
e,x,s,w,t
e,x,f,w,f
e,b,s,w,t
e,x,y,w,t
e,f,y,y,t
e,x,f,n,f
p,x,s,w,t
p,x,y,w,t
e,x,y,w,t
e,b,y,w,t
e,x,f,w,t
p,x,y,w,t
e,x,s,w,t
e,x,f,g,f
e,x,f,n,f
e,b,s,w,t
e,x,y,n,t
e,b,y,w,t
e,f,y,y,t
e,x,y,w,t
e,b,y,w,t
e,b,y,w,t
p,x,s,n,t
e,f,s,y,t
e,x,y,n,t
e,b,s,y,t
e,f,s,w,t
e,b,y,y,t
e,b,y,y,t
e,b,s,y,t
e,f,y,y,t
e,x,s,w,f
e,b,y,y,t
e,x,y,n,t
e,b,s,w,t
e,f,y,n,t
e,x,s,w,t
e,x,f,n,f
e,x,y,n,t
e,f,f,g,f
e,x,s,w,t
e,f,f,n,f
e,b,y,y,t
e,b,s,w,t
e,x,s,w,t
e,b,s,y,t
e,x,y,y,t
e,x,s,y,t
e,f,f,g,f
e,x,y,y,t
p,x,y,n,t
e,x,y,n,t
e,x,s,y,t
e,b,y,w,t
e,x,y,y,t
e,s,f,n,f
e,b,y,y,t
e,x,s,w,t
e,x,s,w,t
p,x,s,n,t
e,x,f,n,f
e,x,y,y,t
p,x,y,n,t
e,x,y,y,t
e,b,y,y,t
e,f,y,n,t
e,x,y,w,t
e,x,s,y,t
p,x,y,n,t
p,x,y,n,t
e,b,y,y,t
e,x,s,w,f
p,x,s,w,t
e,x,y,n,t
e,b,s,w,t
e,x,y,y,t
p,x,s,n,t
e,b,y,y,t
e,b,y,w,t
e,f,y,y,t
e,b,y,w,t
e,x,y,y,t
e,b,s,y,t
e,x,s,y,t
e,b,s,y,t
e,b,s,y,t
p,x,y,w,t
p,x,y,w,t
p,x,s,n,t
e,x,s,w,t
e,x,y,n,t
e,x,y,y,t
e,x,s,w,t
e,b,y,w,t
e,b,s,y,t
e,x,f,g,f
e,b,s,y,t
e,x,s,w,t
e,x,y,n,t
e,x,y,y,t
e,f,f,w,t
e,f,f,w,t
e,x,s,w,t
e,f,s,y,t
e,s,f,g,f
e,f,f,y,t
e,x,y,n,t
e,x,y,y,t
e,x,y,y,t
p,x,s,n,t
e,x,s,y,t
p,x,y,w,t
e,x,y,y,t
e,x,y,w,t
e,f,s,y,t
p,x,y,n,t
e,b,s,w,t
e,s,f,g,f
e,x,s,y,t
e,x,f,g,f
e,x,y,y,t
e,b,y,w,t
e,b,s,y,t
e,x,s,w,t
e,b,s,w,t
e,f,y,n,t
e,s,f,g,f
e,x,f,w,f
e,s,f,n,f
e,f,y,n,t
e,f,s,y,t
e,b,s,y,t
e,b,s,y,t
p,x,s,n,t
e,f,y,n,t
e,x,s,y,t
e,f,y,y,t
e,x,y,w,t
e,x,y,y,t
e,x,y,y,t
e,f,f,n,f
e,f,y,y,t
e,x,f,g,f
e,x,s,y,t
e,f,y,n,t
e,x,s,y,t
e,x,y,y,t
e,x,f,n,t
e,x,s,w,t
e,x,y,y,t
e,x,y,w,t
e,x,s,w,t
e,f,y,y,t
e,b,s,y,t
e,f,f,w,t
e,f,s,g,f
e,x,y,w,t
e,x,y,w,t
e,f,y,y,t
e,x,s,w,t
e,x,s,y,t
e,f,y,y,t
e,x,y,y,t
e,x,s,y,t
e,x,f,n,t
e,f,y,y,t
e,x,s,w,t
e,b,s,y,t
e,x,s,y,t
e,x,y,n,t
e,b,y,y,t
e,x,s,w,t
e,x,y,w,t
e,x,s,y,t
e,f,y,y,t
e,x,f,w,f
e,x,s,n,f
e,x,s,w,f
e,x,s,y,t
e,f,f,w,f
p,f,s,n,t
e,x,f,g,f
p,f,y,n,t
p,x,s,n,t
e,b,s,w,t
e,x,f,g,f
e,x,s,w,t
e,f,f,g,f
e,x,s,g,f
e,x,s,w,t
e,x,s,w,t
e,x,y,g,t
e,f,f,n,f
e,x,s,w,f
e,f,f,n,f
e,x,s,n,f
e,x,y,y,t
e,x,s,y,t
e,f,f,w,f
e,x,s,n,f
e,x,s,g,f
p,x,y,n,t
e,x,f,g,f
e,b,s,w,t
e,x,s,g,f
e,f,f,g,f
p,f,s,n,t
e,x,s,y,t
e,x,f,n,f
e,f,s,w,f
e,x,y,y,t
e,x,f,n,f
e,f,s,g,f
e,x,y,e,t
e,b,y,y,t
e,x,f,w,f
p,x,s,w,t
e,x,f,g,f
e,f,f,g,t
e,f,f,n,f
e,f,f,w,f
e,b,y,w,t
e,f,f,n,f
p,f,y,n,t
p,x,y,w,t
e,b,s,y,t
e,f,s,g,f
e,x,f,g,f
e,f,f,n,f
e,b,s,w,t
p,x,s,w,t
e,x,y,n,t
e,f,f,w,t
e,x,y,y,t
e,x,f,n,f
e,f,f,w,f
e,x,f,n,t
e,x,f,n,t
e,f,s,g,f
e,f,s,g,f
p,f,s,n,t
e,x,f,n,t
e,x,s,n,f
e,x,f,w,f
e,f,f,n,f
e,x,f,n,t
e,f,f,n,t
e,x,f,g,f
e,f,f,n,t
e,x,s,g,f
e,b,y,w,t
e,x,f,n,t
e,x,y,y,t
e,f,f,g,f
e,f,f,n,t
e,x,s,y,t
e,f,f,g,f
e,x,f,n,f
p,x,s,w,t
e,x,f,w,f
e,f,f,w,f
e,x,s,w,f
e,x,s,g,f
e,x,y,y,t
e,x,s,y,t
e,x,s,g,f
e,x,s,n,f
e,f,f,n,f
e,f,s,w,f
e,f,s,w,f
e,x,y,y,t
e,f,s,w,t
e,b,s,w,t
p,f,y,w,t
e,x,f,g,t
e,f,y,n,t
e,f,s,n,f
p,x,s,w,t
e,x,y,n,t
e,x,s,g,f
e,x,s,w,f
e,f,f,w,f
e,x,f,n,f
e,x,s,w,t
e,x,y,w,t
e,x,s,w,f
e,f,y,y,t
e,f,s,n,f
e,f,f,g,f
e,f,f,y,t
e,f,y,n,t
e,x,f,n,t
p,f,s,n,t
e,x,f,n,t
e,f,f,n,f
e,b,s,y,t
e,b,y,w,t
e,x,y,w,t
p,f,y,w,t
p,f,y,w,t
e,x,f,n,f
e,f,s,y,t
e,x,y,y,t
e,x,s,w,f
e,x,f,g,t
p,x,y,n,t
e,x,f,g,f
e,f,f,n,f
e,x,s,w,f
e,f,f,w,f
e,x,y,y,t
e,f,f,y,t
e,x,f,g,f
p,x,s,n,t
e,x,y,y,t
e,f,y,n,t
e,x,f,w,f
e,x,y,n,t
e,x,s,g,f
e,x,s,w,t
e,x,f,g,f
p,f,y,n,t
e,x,f,n,t
e,x,f,g,f
e,x,f,e,t
e,x,f,n,t
e,x,f,g,f
e,x,y,y,t
e,x,f,n,f
e,b,s,y,t
e,x,f,w,t
e,f,s,g,f
e,x,y,y,t
e,x,f,n,f
e,f,s,w,f
e,x,s,y,t
e,x,s,g,f
e,x,f,g,f
p,f,y,w,t
e,f,f,y,t
e,x,y,w,t
e,f,f,w,f
e,x,f,n,t
e,x,y,n,t
e,x,s,w,f
p,f,y,w,t
e,x,s,y,t
e,x,f,g,t
e,f,y,y,t
e,f,s,g,f
e,f,f,n,f
p,f,y,w,t
e,f,f,g,f
e,x,y,n,t
e,f,f,w,f
p,f,y,n,t
e,b,s,y,t
e,f,f,g,f
e,b,s,w,t
e,f,f,g,f
e,b,y,w,t
e,x,y,w,t
p,f,y,n,t
e,x,y,y,t
e,s,f,n,f
e,x,y,n,t
e,f,f,g,f
e,f,f,y,t
e,x,s,g,f
p,f,y,n,t
e,x,f,g,f
e,x,s,g,f
e,x,f,g,f
p,x,y,n,t
e,x,f,n,f
e,f,s,w,f
e,x,f,g,f
p,x,y,n,t
e,f,f,n,f
e,f,s,w,f
p,x,y,w,t
e,f,f,g,f
e,b,y,y,t
e,x,s,n,f
e,f,f,n,f
p,f,s,w,t
e,x,y,n,t
e,f,f,w,f
e,f,y,n,t
e,f,f,g,f
e,f,f,g,f
e,f,s,g,f
e,f,f,n,f
e,x,s,g,f
e,x,f,w,f
e,f,f,w,f
e,x,s,n,f
e,x,f,n,t
e,f,s,y,t
e,x,f,w,f
e,f,s,w,f
e,b,s,y,t
e,x,f,w,f
e,x,f,g,f
p,f,s,n,t
e,x,f,g,f
p,x,s,n,t
e,f,s,w,f
e,x,y,w,t
e,x,f,n,f
e,x,f,n,t
e,b,y,y,t
e,f,f,w,f
e,x,s,n,f
e,f,f,w,f
e,x,f,n,t
e,f,f,w,f
e,x,s,w,f
e,x,s,n,f
e,x,f,w,f
e,f,s,g,f
e,x,f,g,f
e,x,f,g,f
e,f,s,n,f
e,f,s,w,f
e,f,y,n,t
p,x,y,w,t
e,f,s,g,f
p,x,y,w,t
e,b,y,w,t
e,x,s,g,f
e,f,f,g,f
e,f,f,w,f
e,f,s,g,f
e,b,y,w,t
e,x,f,g,f
e,x,f,e,t
e,x,y,y,t
e,x,s,w,f
e,b,s,w,t
p,x,s,n,t
e,x,f,n,t
e,f,s,n,f
e,b,s,w,t
e,x,s,g,f
e,x,f,n,t
e,f,f,w,f
e,x,f,n,f
e,x,f,g,f
e,x,f,g,f
e,b,y,y,t
e,f,f,n,f
e,x,f,w,f
e,f,y,n,t
e,x,y,n,t
e,x,y,y,t
e,f,f,g,f
e,x,y,w,t
e,x,y,w,t
e,f,s,w,f
e,f,s,g,f
p,f,s,n,t
e,x,y,y,t
e,x,f,n,f
e,x,f,w,f
e,x,s,y,t
e,x,f,e,t
e,f,y,n,t
e,b,s,w,t
p,x,s,n,t
e,x,f,g,f
e,b,y,w,t
e,x,s,w,t
e,b,y,y,t
e,x,y,w,t
e,x,s,y,t
e,b,s,w,t
e,f,s,n,f
p,f,s,w,t
e,f,s,n,f
e,f,f,n,f
p,f,y,w,t
e,f,s,w,f
e,x,f,w,f
e,x,s,n,f
e,f,s,n,f
e,f,y,y,t
e,x,f,g,f
e,x,f,n,f
p,f,s,n,t
e,x,s,w,f
e,f,f,n,f
e,f,f,w,f
e,f,f,w,f
e,x,y,y,t
e,x,s,g,f
e,x,f,g,f
e,f,f,n,f
e,f,s,n,f
e,x,f,w,f
e,x,y,e,t
e,x,f,n,f
p,x,s,w,t
e,x,y,n,t
e,x,f,n,f
p,f,y,w,t
e,f,f,g,f
e,x,f,w,f
e,f,s,n,f
e,f,f,g,f
e,f,s,g,f
e,f,f,g,f
e,x,s,g,f
e,x,s,n,f
p,f,s,w,t
e,x,s,g,f
p,x,s,w,t
p,f,s,w,t
e,f,s,n,f
e,x,f,g,f
e,f,s,g,f
e,x,s,g,f
e,f,f,g,f
e,f,f,g,f
e,x,y,g,t
e,x,f,n,t
e,f,s,w,f
p,f,y,w,t
p,f,y,n,t
e,x,s,w,f
p,f,s,n,t
e,f,f,n,f
e,f,s,w,f
p,f,s,n,t
p,f,y,w,t
p,f,y,n,t
p,f,s,w,t
e,x,s,w,f
e,x,f,n,t
e,f,s,w,f
e,f,f,g,f
p,f,y,n,t
e,x,s,w,f
e,x,y,e,t
e,f,s,g,f
e,x,s,w,f
p,f,s,w,t
e,f,f,n,f
e,x,f,w,f
p,f,s,w,t
e,x,f,n,f
e,f,f,w,f
e,x,s,w,f
e,f,s,w,f
e,b,y,y,t
e,x,s,g,f
e,x,f,w,f
e,x,s,n,f
e,x,f,n,f
e,f,f,g,f
p,x,y,n,t
e,f,s,g,f
e,x,f,n,t
e,f,s,w,f
e,x,f,n,t
e,x,f,g,f
e,x,f,w,f
p,f,s,w,t
p,f,s,w,t
e,x,s,g,f
e,x,f,n,t
e,x,s,g,f
e,x,y,y,t
e,f,s,w,f
e,x,s,w,f
e,x,f,g,f
e,f,s,w,f
e,x,f,n,t
e,f,s,g,f
e,f,s,g,f
e,f,f,n,f
e,f,s,w,f
e,f,s,w,f
e,f,s,g,f
e,f,f,w,f
e,f,s,n,f
p,f,s,w,t
e,x,f,g,f
e,b,y,y,t
e,f,f,n,f
e,f,s,g,f
e,x,f,n,t
e,b,s,y,t
e,x,s,w,f
e,f,f,n,t
p,x,s,w,t
e,f,f,w,f
p,f,y,w,t
e,x,s,n,f
e,f,s,n,f
e,b,s,y,t
e,f,s,g,f
e,x,s,g,f
e,f,f,g,f
e,x,f,g,f
e,f,s,w,f
p,f,s,n,t
e,f,f,g,f
e,f,s,w,f
e,x,f,n,t
e,x,s,n,f
e,x,f,e,t
e,x,y,y,t
e,f,f,w,f
e,x,s,w,f
e,f,f,n,f
p,f,s,w,t
e,f,f,g,t
e,f,s,w,f
e,f,f,w,f
p,f,y,n,t
e,x,s,w,f
e,x,f,n,t
e,x,y,g,t
e,x,y,g,t
e,f,s,n,f
e,f,s,w,f
e,f,s,n,f
e,x,s,n,f
e,f,f,w,f
e,x,f,n,f
e,f,f,w,f
e,f,f,n,f
e,f,s,w,f
e,f,f,n,f
p,f,y,n,t
e,f,f,w,f
e,f,s,w,f
e,x,f,n,f
e,f,f,w,f
e,x,f,g,f
e,f,s,n,f
e,x,f,g,t
e,f,f,w,f
e,f,f,n,f
e,x,s,n,f
e,x,f,w,f
e,b,s,y,t
p,x,y,n,t
p,f,s,n,t
e,f,f,w,f
e,f,f,n,f
p,f,y,n,t
e,f,f,n,f
p,x,s,w,t
e,f,s,n,f
p,f,y,w,t
e,f,s,n,f
e,f,s,g,f
e,x,f,g,f
e,f,f,n,f
e,x,f,g,t
e,x,f,n,t
e,x,f,n,f
e,x,f,g,t
e,x,s,w,f
e,f,s,w,f
e,x,s,w,f
e,f,f,g,f
e,x,f,n,t
e,x,s,w,f
e,x,s,n,f
e,f,s,g,f
p,f,y,w,t
e,f,s,n,f
e,f,y,y,t
e,x,f,g,t
e,f,s,g,f
e,x,s,g,f
p,f,y,w,t
e,x,s,w,f
e,x,s,w,f
e,f,s,g,f
e,f,s,n,f
e,x,f,n,f
e,f,s,n,f
e,f,s,n,f
e,x,f,w,f
e,f,f,w,f
e,f,f,n,f
e,x,y,w,t
e,x,s,n,f
e,x,s,g,f
e,f,s,w,f
p,x,s,w,t
e,x,s,w,f
e,x,f,n,t
e,f,f,g,f
e,x,s,g,f
e,f,f,n,f
e,f,s,n,f
e,x,s,g,f
e,f,y,n,t
p,f,y,n,t
e,x,s,n,f
e,x,f,n,t
p,f,y,w,t
p,x,s,w,t
p,f,s,n,t
e,x,f,n,t
e,b,y,w,t
p,f,y,w,t
e,f,f,w,f
e,x,s,w,f
e,x,f,n,t
e,x,s,n,f
e,f,f,n,f
e,f,f,n,f
p,f,y,n,t
p,f,y,w,t
e,x,s,n,f
e,f,f,g,f
e,x,f,n,t
e,f,s,g,f
e,f,f,n,f
p,f,s,n,t
e,x,f,n,f
p,f,y,n,t
e,x,s,g,f
e,f,f,w,f
e,x,s,w,f
e,x,f,n,t
e,x,s,n,f
p,f,s,w,t
e,x,f,n,t
e,x,s,w,f
e,f,s,w,f
e,x,s,w,t
e,x,f,n,f
e,x,y,g,t
e,x,f,n,t
e,x,s,y,t
e,f,f,g,f
e,x,s,n,f
e,x,y,e,t
e,f,s,g,f
p,f,s,w,t
e,f,f,w,f
e,x,f,g,f
e,f,f,n,f
e,f,s,n,f
e,x,f,w,f
p,f,y,w,t
e,x,f,w,f
e,f,s,n,f
e,x,s,n,f
e,x,f,g,f
e,x,s,n,f
e,f,y,y,t
p,x,y,n,t
e,x,f,w,f
e,f,s,w,f
e,x,s,n,f
p,f,y,n,t
e,f,f,g,f
p,f,s,w,t
e,f,s,n,f
e,x,s,g,f
e,x,f,g,f
e,f,f,n,f
e,f,s,g,f
e,x,s,w,f
e,x,f,n,f
e,x,f,g,f
e,f,f,n,f
e,b,y,y,t
e,f,f,g,f
e,x,f,g,f
e,f,f,w,f
e,x,f,n,t
p,f,s,n,t
e,x,f,n,t
e,x,f,n,f
e,x,f,n,t
e,x,f,w,f
e,f,s,g,f
e,f,s,n,f
e,x,y,y,t
e,x,f,w,t
e,f,f,g,f
e,f,f,n,f
e,f,f,n,f
e,b,y,y,t
e,x,f,n,f
e,x,y,w,t
e,f,s,w,f
e,x,s,w,f
e,x,f,n,f
e,x,s,n,f
e,x,s,n,f
e,x,y,n,t
e,f,s,g,f
e,x,y,y,t
e,x,s,w,f
p,f,y,w,t
e,f,s,w,f
p,f,s,w,t
e,f,s,g,f
e,f,f,g,f
p,x,s,w,t
e,x,s,g,f
p,x,s,w,t
e,x,s,g,f
e,f,s,w,f
p,f,y,w,t
e,x,f,w,f
e,x,s,n,f
e,x,f,w,f
e,x,f,w,f
e,x,y,e,t
p,f,s,n,t
e,f,f,g,f
e,x,y,y,t
e,x,f,n,f
e,f,f,n,f
e,b,s,w,t
e,f,s,g,f
e,f,f,w,f
e,f,f,n,f
p,f,s,n,t
e,x,s,n,f
e,b,y,y,t
e,f,s,g,f
e,f,s,n,f
e,x,f,g,f
e,f,s,g,f
e,x,f,n,f
e,x,f,n,t
e,b,y,w,t
e,x,f,g,t
p,f,y,n,t
e,x,s,w,f
p,f,s,n,t
e,f,s,n,f
e,f,f,n,f
e,x,f,w,f
e,x,f,n,f
e,f,s,n,f
e,x,s,y,t
e,f,s,w,f
e,x,s,w,f
p,x,y,n,t
e,f,f,g,f
p,f,y,n,t
e,f,f,w,f
e,x,f,n,t
e,x,f,g,f
p,f,s,n,t
e,f,s,g,f
p,x,s,w,t
e,x,f,n,t
e,x,f,n,f
e,x,y,y,t
e,f,f,w,f
e,f,s,w,f
e,x,f,g,f
e,f,f,g,f
e,f,f,w,f
e,x,f,g,f
e,f,f,g,f
e,x,f,g,t
e,x,s,g,f
e,f,s,g,f
e,x,y,n,t
e,x,y,g,t
e,f,s,g,f
e,f,f,w,f
e,f,s,n,f
e,f,f,w,f
e,f,f,n,f
e,f,s,g,f
e,x,s,n,f
e,x,f,n,t
e,x,s,n,f
e,x,f,n,f
e,f,s,w,f
e,x,f,n,f
p,f,s,w,t
p,f,s,n,t
e,x,f,n,t
e,x,s,w,f
e,f,f,g,f
e,x,s,n,f
e,x,f,n,f
e,x,s,g,f
e,f,f,g,f
e,f,s,n,f
e,f,s,g,f
e,x,f,e,t
p,f,y,w,t
e,x,f,n,f
e,x,f,n,t
p,f,s,n,t
p,f,s,w,t
p,f,s,w,t
e,f,f,w,f
e,f,s,n,f
e,f,f,n,f
e,x,s,n,f
e,f,s,n,f
p,f,s,w,t
p,f,s,w,t
e,f,s,g,f
e,x,s,n,f
e,x,s,n,f
e,x,f,n,t
e,x,f,n,t
e,f,f,w,f
e,f,f,w,f
e,x,f,w,f
e,x,s,y,t
e,f,s,g,f
e,x,s,w,f
e,x,f,n,f
e,x,f,n,f
e,x,s,w,f
e,x,s,n,f
e,x,s,g,f
e,x,s,g,f
e,f,s,w,f
e,x,s,n,f
e,f,f,g,f
e,f,f,w,f
e,x,f,w,f
e,f,f,g,f
e,x,f,g,f
e,x,y,y,t
e,x,s,y,t
e,x,s,w,f
p,x,y,n,t
e,x,f,w,f
p,x,s,w,t
e,x,y,g,t
p,f,s,w,t
e,x,y,y,t
e,x,y,w,t
e,f,y,n,t
e,x,s,w,f
e,f,s,n,f
e,x,s,g,f
e,x,s,w,f
e,f,s,n,f
e,f,s,n,f
e,x,s,g,f
e,b,s,w,t
e,x,s,g,f
e,x,s,y,t
p,f,y,w,t
e,f,s,w,f
e,f,s,n,f
e,f,s,g,f
e,f,f,g,f
e,x,y,n,t
e,x,f,n,t
e,x,y,y,t
e,x,f,g,t
e,f,f,g,f
e,f,s,n,f
e,f,s,w,f
e,x,f,g,f
e,f,s,w,f
e,f,f,g,f
e,x,f,g,f
e,x,s,n,f
e,x,f,n,t
e,f,s,w,f
e,f,f,n,f
p,f,y,n,t
e,x,f,n,t
e,x,f,n,f
e,f,f,w,f
p,f,y,n,t
e,f,f,g,f
e,x,f,g,t
e,x,f,w,f
e,x,f,g,f
e,x,f,n,t
e,x,s,g,f
e,f,f,w,f
e,x,f,g,t
e,x,y,w,t
e,x,y,w,t
e,f,s,g,f
e,f,s,w,f
e,f,s,n,f
e,f,s,w,f
e,x,f,n,f
e,x,s,n,f
e,b,y,y,t
p,f,y,w,t
e,x,s,n,f
e,f,s,n,f
e,x,y,n,t
e,x,s,g,f
e,f,s,w,f
p,x,s,n,t
e,f,s,g,f
e,x,f,w,f
p,f,s,n,t
e,x,f,n,f
e,x,s,n,f
e,x,f,n,t
e,f,s,w,f
p,f,s,w,t
e,x,f,w,f
e,f,f,n,f
e,f,s,g,f
e,x,f,w,f
e,f,y,n,t
p,f,s,w,t
e,x,f,w,f
e,f,f,n,f
p,f,y,n,t
e,f,s,w,f
e,x,f,g,f
e,f,y,y,t
e,x,f,w,f
e,x,f,w,f
p,f,y,n,t
e,f,f,n,f
e,f,f,g,f
e,x,f,n,f
e,x,f,n,t
e,x,s,g,f
e,x,s,g,f
e,x,f,w,f
e,f,f,g,f
e,x,f,n,t
e,x,s,w,f
p,x,s,w,t
e,f,s,g,f
e,x,s,n,f
e,x,f,n,t
e,x,y,y,t
e,x,s,g,f
e,x,f,n,f
e,x,f,w,f
e,x,y,y,t
e,x,f,n,t
e,x,f,w,f
e,x,f,w,f
p,f,s,n,t
p,f,s,w,t
e,x,s,n,f
e,x,f,g,f
e,f,s,n,f
e,x,s,w,f
p,f,s,w,t
e,b,s,y,t
e,x,f,n,f
p,f,y,n,t
e,x,s,g,f
e,x,s,g,f
e,x,s,w,f
p,f,s,w,t
e,f,s,w,f
e,x,f,n,f
e,f,f,n,f
e,x,f,n,f
p,f,y,n,t
e,x,f,w,f
e,f,s,w,f
p,f,y,w,t
e,f,s,g,f
e,f,y,n,t
e,x,f,g,f
e,x,f,g,t
e,x,y,n,t
e,f,f,n,t
e,f,y,e,t
e,f,s,g,f
e,x,f,g,t
e,x,y,g,t
e,x,f,g,f
p,f,s,n,t
e,f,f,n,t
p,x,s,n,t
e,x,s,w,t
e,x,s,w,f
e,x,y,y,t
p,x,f,g,f
e,f,s,n,f
e,f,s,w,f
e,x,f,n,t
e,f,s,n,f
e,x,f,n,f
p,x,s,w,t
e,f,f,n,t
e,x,y,w,t
e,f,f,g,f
e,x,y,e,t
e,f,f,w,f
e,x,s,g,f
e,x,y,n,t
e,x,y,g,t
e,x,f,g,t
e,f,s,w,f
e,x,f,g,t
e,x,f,n,t
e,x,f,e,t
e,x,y,n,t
e,f,f,w,f
e,x,y,n,t
e,x,s,g,f
e,x,f,g,f
e,f,f,w,f
e,x,y,g,t
p,f,y,n,t
e,x,y,e,t
e,f,f,w,f
e,f,s,g,f
e,x,y,g,t
e,f,f,g,t
e,x,f,n,t
e,f,f,e,t
e,x,s,w,f
e,x,f,e,t
e,x,f,n,t
e,x,f,g,t
e,x,f,n,t
e,x,f,y,t
e,x,f,e,t
p,f,s,w,t
e,x,s,w,f
e,x,f,e,t
e,x,y,n,t
e,x,f,w,f
e,x,f,g,t
e,x,s,g,f
e,x,y,e,t
e,x,y,n,t
e,x,s,w,f
e,x,s,n,f
e,x,s,w,f
e,x,s,n,f
e,f,f,e,t
e,f,f,w,f
e,f,f,g,f
e,x,y,e,t
e,x,f,e,t
e,x,y,g,t
e,x,f,e,t
e,f,s,n,f
e,x,s,w,f
e,x,s,w,f
e,x,f,w,f
e,x,f,e,t
e,x,f,n,t
e,f,f,n,t
e,f,f,w,t
e,f,f,w,f
p,f,y,w,t
e,f,f,g,t
e,x,f,n,t
e,x,s,w,f
e,x,f,w,f
e,x,s,n,f
e,x,f,n,f
e,x,s,g,f
e,x,y,n,t
e,x,f,n,t
e,f,s,g,f
e,f,s,n,f
e,x,s,g,f
e,f,f,g,t
e,x,s,w,f
e,f,f,n,f
e,f,s,w,f
e,x,f,g,f
e,f,f,n,f
e,f,f,n,f
e,x,f,n,t
e,f,s,g,f
e,f,s,w,f
e,x,y,e,t
e,x,y,g,t
e,x,y,e,t
e,x,f,g,f
e,f,f,g,f
e,f,y,y,t
p,f,y,w,t
e,f,s,n,f
e,f,f,n,f
e,f,f,n,t
e,x,f,e,t
e,f,f,g,f
e,x,f,n,f
e,x,f,g,f
e,x,y,e,t
e,f,f,n,t
e,x,f,n,f
e,x,f,n,f
e,f,s,w,f
e,f,s,g,f
p,f,y,w,t
e,b,s,w,t
e,x,f,n,t
e,f,f,g,f
e,x,f,n,f
e,x,s,n,f
e,f,s,w,t
e,x,f,w,f
e,x,s,w,f
e,x,s,g,f
e,x,y,e,t
e,f,f,n,t
e,x,f,n,t
e,f,f,w,f
e,f,s,n,f
p,f,s,w,t
e,f,f,n,f
e,x,y,g,t
e,x,y,g,t
e,x,f,g,f
e,x,f,g,t
e,x,y,e,t
e,x,f,g,t
e,x,f,g,t
e,x,f,n,t
p,x,s,w,t
e,x,f,n,f
e,x,y,n,t
e,x,f,g,t
p,f,y,n,t
e,x,f,g,t
e,x,f,g,f
e,x,f,e,t
e,f,f,n,f
e,f,s,w,f
e,f,s,n,f
e,x,y,e,t
e,f,s,n,f
e,f,f,n,t
e,f,s,w,f
e,x,f,n,f
e,f,f,n,f
p,x,s,n,t
e,x,f,n,t
e,f,s,n,f
p,f,y,w,t
e,x,f,n,t
e,x,f,g,t
e,f,f,n,f
e,x,f,e,t
e,f,f,w,f
e,x,f,w,f
e,x,y,w,t
e,x,s,w,f
e,x,y,g,t
e,x,f,g,t
e,x,s,g,f
p,f,y,w,t
e,x,f,e,t
p,f,s,n,t
p,f,y,n,t
e,x,f,g,t
e,f,s,n,f
e,x,f,g,t
e,x,f,n,f
e,x,f,n,t
e,f,s,n,f
e,f,f,n,f
e,x,s,n,f
e,x,s,n,f
e,x,f,n,t
e,x,y,e,t
e,f,s,n,f
e,x,f,n,t
p,f,y,w,t
e,x,y,y,t
p,f,s,n,t
e,f,f,w,f
e,f,f,n,f
p,f,s,n,t
e,x,s,n,f
e,x,f,n,f
e,x,f,e,t
e,f,f,n,f
e,x,f,w,f
e,f,s,g,f
e,f,f,w,f
e,f,s,y,t
e,f,f,w,t
e,f,f,n,f
e,x,f,n,t
e,x,y,g,t
e,x,f,n,t
e,x,f,n,f
e,x,f,g,t
e,x,f,n,t
e,x,f,g,f
e,x,f,n,t
e,x,s,n,f
e,b,y,w,t
e,x,y,e,t
e,f,s,n,f
e,x,f,e,t
e,f,y,n,t
e,x,y,g,t
e,x,s,g,f
e,x,s,n,f
e,x,f,g,f
e,x,s,g,f
e,x,y,e,t
e,f,f,g,t
e,f,f,n,t
e,x,f,n,f
e,f,s,n,f
e,x,f,w,f
e,x,y,y,t
e,x,f,e,t
e,x,f,n,f
e,x,y,n,t
e,f,f,g,t
e,x,f,w,f
e,x,y,w,t
e,x,s,n,f
e,f,s,w,f
e,f,f,n,t
e,f,f,w,f
e,x,f,g,t
e,x,f,n,t
e,x,f,w,f
e,x,s,w,t
e,f,s,g,f
p,f,y,n,t
e,f,f,g,f
e,x,f,n,t
e,x,f,w,f
e,x,y,n,t
e,x,y,e,t
p,f,s,n,t
e,f,s,g,f
e,x,f,g,t
e,f,f,g,t
e,x,f,g,t
e,x,f,g,t
e,x,f,n,t
p,x,s,w,t
e,x,s,y,t
e,x,f,n,t
e,f,y,n,t
e,x,s,g,f
e,x,y,e,t
e,x,f,g,f
e,f,s,w,f
e,x,f,n,t
e,f,f,n,t
e,f,f,g,f
e,f,f,g,f
e,f,f,n,f
e,x,f,g,t
e,x,f,e,t
p,f,y,n,t
e,x,y,g,t
e,x,s,w,f
e,b,s,w,t
e,x,s,w,f
e,f,f,n,f
e,x,y,g,t
e,f,f,g,t
e,x,f,g,f
p,x,s,w,t
e,x,s,n,f
e,x,y,g,t
e,f,f,g,t
e,x,y,n,t
e,x,f,e,t
e,f,f,n,t
e,x,f,e,t
e,f,f,n,t
e,x,y,e,t
e,x,f,g,t
e,f,f,g,t
e,x,f,e,t
e,x,y,e,t
p,x,s,w,t
e,x,f,e,t
e,x,y,g,t
e,x,f,n,t
e,x,y,e,t
e,x,y,g,t
e,x,f,g,t
e,x,y,g,t
e,x,f,e,t
e,f,y,e,t
e,f,f,n,t
e,x,f,n,t
e,f,y,g,t
e,x,y,e,t
e,x,f,g,t
e,x,y,g,t
p,x,f,g,f
p,f,s,w,t
e,x,f,e,t
e,x,f,w,f
e,x,y,n,t
e,f,f,n,t
e,x,f,n,t
e,x,y,g,t
e,x,y,g,t
e,x,f,e,t
e,x,y,n,t
e,x,f,g,t
e,x,f,e,t
e,x,y,e,t
e,x,y,n,t
e,x,y,e,t
e,f,y,n,t
e,f,y,n,t
e,x,y,n,t
p,f,s,n,t
e,f,f,e,t
p,x,s,w,t
e,x,f,e,t
e,f,f,n,t
e,x,y,n,t
e,f,f,e,t
e,x,f,e,t
e,x,f,g,t
e,x,y,n,t
e,f,f,n,t
e,f,f,n,t
e,x,f,e,t
e,x,f,n,t
e,x,f,e,t
e,f,f,g,t
e,x,y,n,t
e,f,f,n,t
e,x,f,e,t
e,x,y,e,t
e,x,f,g,t
e,x,y,g,t
e,x,y,e,t
e,x,y,g,t
e,x,f,g,t
e,f,f,g,t
e,x,y,g,t
e,x,y,e,t
e,f,f,n,t
e,f,f,n,t
e,x,y,e,t
p,x,f,g,f
e,x,y,g,t
e,x,f,e,t
e,x,y,n,t
e,f,f,n,t
e,x,y,e,t
e,f,f,n,t
e,f,y,n,t
e,f,f,g,t
e,x,f,e,t
e,x,f,g,t
e,x,f,g,t
e,x,f,n,t
e,x,f,g,t
e,x,s,g,f
e,x,y,e,t
e,f,f,g,t
e,x,y,e,t
e,f,f,g,t
e,x,f,g,t
e,x,f,g,t
e,f,f,g,t
e,x,s,w,f
e,x,f,n,t
e,f,f,n,t
e,f,f,g,t
e,x,y,g,t
e,x,f,e,t
e,x,y,e,t
e,x,f,n,t
e,f,y,g,t
e,x,y,g,t
p,x,s,p,f
e,x,y,n,t
e,f,f,g,t
e,x,y,e,t
e,f,f,n,t
e,x,y,n,t
e,x,f,g,t
e,f,f,n,t
e,x,y,n,t
e,x,y,n,t
e,x,f,e,t
e,f,f,g,t
e,x,y,e,t
e,x,y,e,t
e,f,f,n,t
e,x,f,e,t
e,x,f,e,t
e,x,f,w,f
e,x,y,g,t
e,x,f,e,t
e,x,y,g,t
e,x,f,e,t
e,x,f,g,t
e,f,y,e,t
e,f,y,g,t
e,x,y,e,t
e,x,y,g,t
e,f,f,g,f
p,x,f,g,f
e,x,f,e,t
e,x,y,e,t
p,f,s,w,t
e,f,y,n,t
e,x,f,e,t
e,x,y,e,t
e,x,f,g,t
e,x,y,g,t
e,x,f,g,f
e,x,f,n,t
e,f,f,e,t
e,x,y,g,t
e,f,f,n,t
e,f,f,g,f
e,f,f,g,t
e,x,y,n,t
e,f,f,g,t
e,f,y,n,t
e,x,f,g,t
e,x,y,e,t
e,x,y,n,t
e,f,s,g,f
e,x,f,n,t
e,f,f,n,t
e,x,y,e,t
e,x,y,e,t
e,x,y,n,t
e,f,s,w,f
e,x,y,n,t
e,x,y,e,t
e,x,f,g,t
e,f,f,g,t
e,f,f,n,f
e,f,f,g,t
e,x,y,e,t
e,f,f,g,t
e,x,y,n,t
e,x,f,e,t
e,x,f,n,t
e,x,f,g,t
e,f,f,g,t
e,x,f,n,t
e,x,y,n,t
e,x,f,e,t
e,f,f,g,t
e,x,y,n,t
p,x,s,p,f
e,f,y,g,t
e,f,f,n,t
p,f,s,n,t
e,x,y,n,t
e,x,y,g,t
e,x,y,e,t
e,x,y,e,t
e,x,y,e,t
e,x,f,g,t
e,f,s,w,f
e,x,y,g,t
e,x,f,n,f
e,x,f,n,t
e,x,y,g,t
e,x,y,e,t
e,x,y,n,t
e,x,f,g,t
e,x,f,g,t
e,x,y,g,t
e,x,y,g,t
e,f,y,g,t
e,x,f,e,t
e,x,y,e,t
e,x,f,n,t
e,x,f,n,t
e,f,f,n,t
e,f,f,n,t
e,x,y,g,t
e,x,f,e,t
e,f,y,n,t
e,x,y,e,t
e,f,y,n,t
e,x,y,g,t
e,f,f,n,t
e,x,y,g,t
e,x,y,e,t
e,x,y,n,t
e,x,f,g,t
e,x,f,e,t
e,x,f,n,t
e,f,f,n,t
e,f,y,g,t
e,x,f,n,t
e,x,y,e,t
e,f,f,n,t
e,x,y,n,t
e,f,f,n,t
e,x,y,e,t
e,x,y,e,t
e,x,f,g,t
e,x,f,g,t
e,f,f,e,t
e,x,f,n,t
e,x,y,e,t
e,x,y,g,t
e,x,y,g,t
e,x,f,e,t
e,f,f,n,t
e,x,y,n,t
e,x,y,g,t
e,x,f,w,f
e,f,y,g,t
e,f,s,g,f
e,f,f,n,t
e,x,y,e,t
p,f,y,w,t
e,x,y,g,t
e,f,f,n,t
e,x,f,g,t
e,x,f,e,t
e,f,f,g,t
e,x,y,n,t
e,x,y,e,t
e,x,y,n,t
e,x,y,n,t
e,f,f,n,t
e,x,y,g,t
e,x,y,n,t
e,x,f,e,t
e,f,f,n,t
e,x,f,e,t
e,f,s,w,f
e,x,y,n,t
e,x,f,g,t
e,x,f,n,t
e,x,f,e,t
e,f,f,n,t
e,x,f,n,t
e,x,y,n,t
p,f,s,w,t
e,x,f,g,t
e,f,s,w,f
e,x,s,g,f
e,x,f,g,t
e,f,f,n,t
e,x,f,e,t
e,x,y,g,t
e,f,f,n,t
e,x,f,n,t
p,x,f,g,f
e,x,y,e,t
e,x,f,n,f
p,x,s,w,t
e,x,y,g,t
e,f,f,n,t
e,x,f,n,t
e,x,y,g,t
e,x,y,g,t
e,f,f,n,t
e,f,f,n,t
e,x,f,g,t
e,f,f,g,t
e,x,y,e,t
e,x,f,e,t
p,x,s,w,t
e,f,f,g,t
e,x,f,g,t
e,f,y,e,t
e,f,y,g,t
e,x,y,n,t
e,x,y,e,t
e,x,f,e,t
e,x,y,e,t
e,f,f,g,t
e,x,f,g,t
e,f,f,n,t
e,x,y,n,t
e,x,y,g,t
e,x,f,g,t
e,x,y,n,t
e,f,f,n,t
e,x,y,n,t
e,x,y,n,t
e,f,f,n,t
e,x,f,n,t
e,x,f,n,t
e,x,y,n,t
e,f,f,g,t
e,x,f,e,t
e,f,f,n,t
p,x,s,p,f
e,x,f,e,t
e,f,f,n,t
e,x,f,n,t
e,f,f,e,t
e,x,y,e,t
e,x,f,g,t
e,x,f,g,t
e,x,f,g,t
e,x,f,g,t
e,f,f,g,t
e,x,f,e,t
e,f,y,n,t
e,f,y,e,t
e,x,y,g,t
e,x,y,g,t
e,x,f,g,t
p,x,f,g,f
e,x,y,n,t
e,x,y,e,t
e,x,f,n,t
e,f,f,n,t
e,f,f,n,t
e,f,f,g,t
e,f,f,g,t
e,x,y,g,t
e,x,f,g,f
e,x,y,g,t
e,x,f,e,t
e,f,f,n,t
e,x,y,e,t
e,x,f,g,t
e,x,f,n,t
e,x,y,e,t
e,x,f,n,t
e,f,f,g,t
e,x,y,g,t
e,x,y,g,t
e,f,f,n,t
e,x,f,g,t
e,f,f,n,t
e,x,y,e,t
e,x,f,n,t
e,x,y,g,t
e,f,f,g,t
e,x,f,g,t
e,x,f,n,t
e,x,y,g,t
e,x,y,g,t
e,x,y,e,t
e,x,y,n,t
e,x,y,g,t
p,f,y,n,t
e,x,s,g,f
e,x,f,g,t
e,x,f,e,t
p,x,s,p,f
e,x,y,n,t
e,x,f,e,t
e,x,y,n,t
e,x,y,e,t
e,x,s,w,f
e,f,f,g,t
e,x,y,g,t
e,x,y,g,t
e,x,f,e,t
e,x,y,g,t
e,x,y,g,t
e,x,f,e,t
p,f,y,w,t
e,f,f,n,t
e,x,f,e,t
e,x,f,e,t
e,x,y,g,t
e,f,s,w,f
e,x,f,n,f
e,x,f,n,t
e,f,f,n,t
e,x,y,e,t
e,x,y,e,t
e,x,y,e,t
e,f,f,n,t
e,x,f,g,t
e,f,f,n,t
e,f,f,e,t
e,x,y,e,t
p,x,s,w,f
e,f,f,n,t
e,f,f,g,t
e,f,f,n,t
e,x,y,n,t
e,x,f,e,t
e,f,s,w,f
e,x,y,g,t
e,x,f,e,t
e,f,f,n,t
e,f,f,n,t
e,x,y,n,t
e,x,y,g,t
e,x,y,n,t
e,x,f,g,t
e,x,y,n,t
e,x,y,n,t
e,f,f,n,t
e,x,y,g,t
e,x,y,e,t
e,x,y,n,t
p,x,f,g,f
e,f,f,g,t
e,x,y,e,t
p,x,f,g,f
e,x,y,e,t
e,x,f,e,t
p,x,f,g,f
p,x,f,p,f
e,x,f,g,t
e,f,f,g,t
e,x,f,g,t
e,x,y,g,t
e,x,y,g,t
e,f,f,g,t
e,x,f,g,t
e,x,f,e,t
e,x,f,n,t
e,x,y,n,t
e,f,f,n,t
e,f,f,n,t
e,f,f,g,t
e,x,f,g,t
e,x,y,n,t
e,x,y,e,t
e,f,f,n,t
e,x,y,g,t
e,x,y,n,t
p,x,f,w,f
e,f,f,n,t
e,x,y,e,t
e,x,y,n,t
e,f,f,g,t
e,x,f,e,t
p,x,f,g,f
e,x,y,e,t
e,f,f,g,t
e,f,y,e,t
e,x,f,e,t
p,x,f,g,f
e,x,y,n,t
e,x,y,n,t
e,x,y,n,t
e,x,y,n,t
e,x,y,g,t
e,x,y,n,t
e,x,f,g,t
e,x,y,e,t
e,x,y,e,t
e,x,y,g,t
e,f,f,e,t
e,f,f,n,t
e,f,f,n,t
e,x,y,g,t
e,x,y,g,t
e,x,f,e,t
e,f,f,n,t
e,f,f,n,t
e,x,y,e,t
e,x,y,n,t
e,f,f,n,t
e,f,f,n,t
p,x,f,g,f
e,x,f,g,t
e,x,y,n,t
e,x,f,g,t
e,x,f,g,t
e,x,y,g,t
e,f,f,n,t
e,f,f,g,t
e,x,y,n,t
e,x,f,e,t
e,f,f,n,t
p,x,f,g,f
e,x,f,e,t
e,f,f,n,t
e,x,f,e,t
e,x,f,e,t
e,x,y,e,t
e,f,y,g,t
e,f,f,n,t
e,x,f,g,t
e,f,f,g,t
e,x,y,n,t
e,x,y,g,t
e,x,y,g,t
e,x,f,n,t
e,x,y,e,t
e,f,f,n,t
e,x,y,e,t
e,x,f,n,t
e,f,f,n,t
e,x,y,e,t
e,x,f,g,t
e,x,y,n,t
p,x,f,g,f
e,f,f,g,t
e,x,f,n,t
e,f,s,n,f
e,f,f,n,t
e,x,y,g,t
e,f,y,g,t
e,x,y,g,t
e,f,y,e,t
e,x,y,g,t
e,x,f,g,t
e,f,f,g,t
e,x,y,n,t
e,f,f,n,t
e,x,y,e,t
e,x,y,e,t
e,f,y,n,t
e,x,y,n,t
e,x,f,g,t
e,f,f,g,t
e,f,f,w,f
e,x,y,n,t
e,x,f,g,t
e,f,y,e,t
e,x,f,e,t
e,x,y,n,t
e,f,y,n,t
e,x,y,g,t
e,f,f,n,t
e,x,y,e,t
e,x,y,e,t
e,x,y,e,t
e,x,f,e,t
e,x,f,e,t
e,x,f,e,t
e,f,f,n,t
e,x,f,g,t
e,x,f,g,t
e,x,y,g,t
e,x,y,n,t
e,x,f,e,t
e,x,f,e,t
e,x,f,g,t
e,x,f,e,t
e,f,f,n,t
e,x,f,e,t
e,f,f,n,t
e,f,f,n,t
e,f,f,n,t
e,x,f,g,t
e,x,f,e,t
e,x,y,e,t
e,f,f,g,t
e,f,f,n,t
e,x,y,n,t
e,f,f,n,t
p,x,f,p,f
e,x,f,e,t
e,x,f,n,t
e,x,y,e,t
e,f,f,n,t
e,f,f,n,t
e,x,y,g,t
e,f,s,n,f
e,x,y,g,t
e,x,y,n,t
e,x,y,n,t
e,f,f,g,t
e,x,f,e,t
e,f,f,n,t
p,x,f,g,f
e,x,y,e,t
e,x,f,g,t
e,x,f,e,t
e,x,f,e,t
e,x,y,e,t
e,f,f,n,t
e,f,f,n,t
e,x,y,n,t
e,x,f,e,t
e,x,y,e,t
e,x,y,n,t
e,x,y,g,t
e,x,y,n,t
e,x,y,e,t
e,x,f,e,t
e,x,f,e,t
e,x,y,e,t
e,x,y,n,t
e,x,f,e,t
e,f,f,e,t
e,f,f,n,t
e,x,y,e,t
e,x,f,n,t
e,x,y,e,t
e,f,f,g,t
e,x,y,n,t
e,f,y,e,t
e,x,y,n,t
e,x,y,e,t
e,x,y,g,t
e,f,y,g,t
e,x,y,n,t
e,x,s,g,f
e,f,f,n,t
e,x,y,g,t
e,x,y,g,t
e,x,f,n,t
e,x,f,e,t
e,x,y,e,t
e,x,y,n,t
e,x,f,e,t
e,x,y,e,t
e,x,y,n,t
e,f,f,g,t
e,x,f,e,t
e,f,y,n,t
e,x,y,n,t
e,x,f,e,t
e,x,f,g,t
e,x,y,n,t
e,x,y,g,t
p,x,f,g,f
e,x,y,n,t
e,x,f,g,t
e,x,y,n,t
e,x,y,g,t
e,x,y,n,t
e,f,f,n,t
e,f,f,n,t
e,x,y,n,t
e,f,f,n,t
e,f,f,n,t
e,f,y,g,t
e,x,f,g,t
e,x,y,g,t
e,x,y,g,t
e,f,f,n,t
e,x,f,g,t
p,x,f,g,f
e,f,f,n,t
e,x,y,g,t
e,x,f,g,t
p,x,f,g,f
e,f,f,n,t
e,x,y,e,t
e,x,y,n,t
e,x,f,e,t
e,x,f,e,t
e,x,y,n,t
e,f,f,n,t
e,x,f,e,t
e,x,f,g,t
e,f,f,n,t
e,x,y,e,t
e,x,f,g,t
e,f,f,g,t
e,f,f,g,t
e,f,f,n,t
e,x,f,n,t
e,x,y,e,t
e,f,s,g,f
e,x,y,e,t
e,f,f,g,t
e,x,y,e,t
e,x,f,g,t
e,f,f,n,t
e,x,f,e,t
e,x,f,e,t
e,x,f,g,t
p,x,f,w,f
e,x,y,e,t
e,x,f,e,t
e,x,y,n,t
e,f,f,w,f
e,x,f,g,t
e,f,f,g,t
e,x,f,g,t
e,f,y,e,t
e,x,f,e,t
e,x,y,n,t
e,x,y,e,t
e,x,f,e,t
e,f,y,e,t
e,f,f,n,t
e,x,y,g,t
e,x,y,g,t
e,x,f,g,t
e,x,f,e,t
e,x,f,n,t
e,f,f,n,f
e,x,f,e,t
e,x,y,g,t
e,x,y,n,t
e,x,f,g,t
e,x,y,e,t
e,f,f,n,t
e,x,y,g,t
e,f,f,g,t
e,x,f,e,t
e,f,f,n,t
e,x,y,g,t
e,x,y,n,t
e,x,y,e,t
e,x,f,e,t
e,x,f,n,t
e,f,f,n,t
e,x,y,g,t
e,x,f,e,t
e,f,f,n,t
e,f,f,n,t
e,x,y,e,t
e,x,f,g,t
e,x,f,g,t
p,x,f,p,f
e,x,y,n,t
e,x,f,e,t
e,f,s,n,f
e,x,y,g,t
e,x,y,g,t
e,x,f,n,t
e,f,f,g,t
e,x,f,g,t
e,x,y,n,t
e,x,f,e,t
e,x,f,n,t
e,f,f,g,t
e,f,f,n,t
e,x,y,g,t
e,x,y,e,t
e,x,y,g,t
e,f,f,g,t
e,x,f,e,t
p,x,s,p,f
e,f,y,n,t
e,x,y,e,t
e,x,y,g,t
e,x,y,g,t
e,x,f,g,t
e,x,f,e,t
e,x,y,n,t
e,x,y,g,t
e,x,y,e,t
e,x,y,n,t
e,x,y,g,t
e,x,y,n,t
e,x,f,e,t
e,x,f,e,t
e,x,y,g,t
e,f,f,g,t
e,f,f,e,t
e,f,f,g,t
e,x,y,e,t
e,x,y,e,t
e,x,s,w,f
e,x,y,n,t
e,x,y,e,t
e,f,f,e,t
e,x,f,g,t
e,f,f,n,t
p,x,s,g,f
e,f,y,e,t
e,x,y,g,t
e,x,f,n,f
e,x,y,e,t
p,x,f,w,f
e,x,y,e,t
e,f,f,g,t
e,f,f,n,t
e,x,y,n,t
e,f,f,n,t
e,x,f,g,t
e,f,y,n,t
e,x,y,g,t
e,f,y,n,t
e,x,f,g,t
p,x,f,g,f
e,x,y,g,t
e,x,y,g,t
e,x,f,g,t
e,x,f,e,t
e,x,f,g,t
e,x,f,g,t
e,f,f,g,t
e,x,y,e,t
e,x,f,g,t
e,x,y,e,t
e,x,f,n,t
e,x,y,g,t
e,x,y,e,t
e,f,f,n,t
e,x,f,e,t
e,f,y,n,t
e,x,y,n,t
e,x,y,g,t
e,f,f,e,t
e,x,f,g,t
e,x,y,g,t
e,x,y,g,t
p,x,f,g,f
e,x,f,g,t
e,x,f,g,t
e,x,f,n,t
e,x,f,g,t
e,f,f,n,t
e,x,y,n,t
e,x,f,e,t
e,x,y,n,t
e,f,y,g,t
e,f,f,g,t
p,x,f,g,f
e,x,f,n,t
e,x,y,n,t
e,x,f,e,t
e,x,f,n,t
e,f,f,n,t
e,x,y,g,t
e,x,y,n,t
e,x,y,e,t
e,f,f,g,t
e,x,f,g,t
e,x,y,e,t
e,x,y,e,t
e,x,f,g,t
e,x,y,n,t
e,x,f,e,t
e,f,f,n,t
e,x,f,e,t
e,f,f,n,t
e,x,y,e,t
e,x,f,n,t
e,x,f,e,t
e,x,f,e,t
e,x,f,n,t
e,x,y,n,t
e,x,y,e,t
e,f,f,n,t
e,x,y,n,t
e,x,y,e,t
e,f,f,g,f
e,x,y,e,t
e,x,y,e,t
e,f,f,n,t
e,f,f,n,t
e,x,f,g,t
e,x,y,g,t
e,x,f,n,t
e,f,f,n,t
e,x,y,n,t
e,x,y,g,t
e,x,f,g,t
e,x,y,e,t
e,x,f,g,t
e,x,y,e,t
e,x,f,g,t
e,x,f,e,t
e,x,f,e,t
e,x,f,e,t
e,f,y,g,t
e,x,f,g,t
e,x,f,e,t
e,x,f,g,t
e,f,f,n,t
p,x,f,g,f
e,x,f,n,t
e,x,y,g,t
e,f,f,n,t
e,x,f,e,t
e,f,f,g,t
e,x,y,n,t
e,x,y,e,t
e,x,y,e,t
e,x,y,n,t
e,x,y,n,t
p,x,y,y,f
e,f,y,n,t
p,x,f,g,f
p,x,f,g,f
e,f,f,g,t
e,f,f,e,t
e,f,y,n,t
e,f,f,e,t
p,x,f,g,f
e,f,f,g,t
e,f,y,e,t
e,f,y,e,t
p,x,f,w,f
e,x,f,e,t
e,f,y,n,t
p,x,f,g,f
p,x,f,g,f
e,f,y,e,t
e,f,y,e,t
e,f,f,n,t
e,f,f,g,t
e,f,f,e,t
e,f,y,e,t
e,f,y,e,t
e,f,y,e,t
p,x,f,p,f
p,x,f,g,f
e,f,f,e,t
e,f,y,g,t
e,f,y,g,t
e,f,f,g,t
e,f,f,e,t
e,f,y,e,t
p,f,f,g,f
e,f,y,n,t
e,f,y,e,t
p,x,f,g,f
e,f,f,e,t
e,f,y,e,t
p,x,y,y,f
p,f,f,y,f
e,f,y,n,t
e,f,y,n,t
e,f,y,g,t
e,f,y,n,t
e,x,y,e,t
p,x,s,p,f
e,f,y,n,t
e,x,y,e,t
e,f,f,e,t
e,f,y,n,t
p,x,s,w,f
e,f,f,g,t
e,f,y,g,t
e,f,y,g,t
e,f,y,n,t
p,x,s,g,f
p,x,f,p,f
e,f,y,e,t
p,x,f,g,f
p,x,s,w,f
p,x,f,g,f
e,f,y,n,t
p,x,y,y,f
e,f,y,g,t
e,f,y,n,t
e,f,y,g,t
p,x,s,w,f
p,x,f,g,f
e,f,y,g,t
e,x,y,n,t
e,f,y,g,t
p,x,f,g,f
e,f,y,n,t
p,f,f,g,f
e,f,f,e,t
e,x,f,n,t
p,f,f,g,f
e,f,y,g,t
e,f,y,g,t
e,f,y,e,t
p,x,f,g,f
e,f,f,e,t
e,f,y,n,t
p,x,f,g,f
e,f,y,e,t
p,x,f,g,f
e,f,y,e,t
p,x,f,g,f
p,x,f,g,f
p,x,f,g,f
e,f,y,e,t
p,x,f,g,f
e,f,f,e,t
p,x,s,g,f
e,f,y,g,t
p,x,s,p,f
e,f,f,e,t
e,f,f,e,t
e,f,y,e,t
e,f,y,n,t
p,x,f,g,f
p,f,f,y,f
p,x,s,g,f
e,f,f,e,t
e,f,f,e,t
e,f,y,e,t
e,f,y,n,t
p,x,f,g,f
p,x,f,g,f
e,f,f,g,t
e,f,y,e,t
e,f,y,e,t
e,f,f,g,t
e,f,y,n,t
e,f,y,n,t
e,f,f,e,t
p,x,s,g,f
p,x,f,w,f
e,f,f,g,t
e,f,y,g,t
p,x,f,g,f
e,x,y,e,t
p,x,s,w,f
e,f,y,g,t
e,f,y,g,t
e,f,y,g,t
e,f,f,e,t
e,f,y,n,t
e,f,y,g,t
e,f,y,n,t
e,f,y,g,t
e,f,y,g,t
e,x,f,n,t
e,f,y,e,t
e,f,f,e,t
e,f,y,e,t
p,x,f,y,f
e,f,y,g,t
e,f,y,n,t
p,x,f,g,f
e,f,y,g,t
e,f,y,g,t
e,f,y,g,t
e,f,y,e,t
e,f,y,g,t
p,x,s,w,f
p,x,f,w,f
e,f,f,n,t
e,f,f,e,t
e,f,y,e,t
p,x,f,g,f
e,f,f,g,t
e,f,f,g,t
e,f,f,g,t
p,x,s,w,f
e,x,y,e,t
e,f,y,e,t
p,x,f,g,f
e,f,f,e,t
p,x,f,g,f
p,x,f,p,f
e,f,y,g,t
p,x,f,g,f
p,x,f,w,f
p,x,f,g,f
e,f,y,e,t
p,x,y,g,f
p,x,s,g,f
e,f,y,g,t
e,f,y,n,t
e,f,f,e,t
p,x,f,g,f
p,x,f,p,f
e,x,y,n,t
e,f,f,e,t
e,f,y,n,t
e,f,y,g,t
p,x,y,g,f
e,f,y,n,t
p,x,f,p,f
p,x,f,w,f
e,f,f,e,t
e,f,y,n,t
e,f,y,e,t
e,f,y,g,t
p,x,f,g,f
p,x,f,g,f
e,f,f,e,t
p,x,y,y,f
p,x,s,p,f
e,f,f,e,t
p,f,f,y,f
e,f,y,e,t
e,f,y,e,t
e,x,f,n,t
e,f,f,e,t
e,f,f,g,t
p,x,f,g,f
e,f,y,e,t
p,f,f,g,f
e,f,y,e,t
e,f,f,e,t
e,f,f,g,t
p,x,f,g,f
e,f,y,g,t
e,f,y,g,t
p,x,f,g,f
p,x,f,w,f
e,f,f,e,t
p,x,f,y,f
e,f,y,e,t
e,f,y,g,t
e,f,f,e,t
e,f,f,g,t
e,f,y,g,t
e,f,f,e,t
p,x,s,g,f
e,f,y,g,t
e,f,y,n,t
e,f,y,g,t
e,f,y,g,t
e,f,y,n,t
e,x,f,g,t
e,f,f,g,t
p,x,f,g,f
p,x,s,w,f
e,f,f,g,t
e,f,f,g,t
e,f,y,g,t
p,x,f,g,f
p,x,s,w,f
p,x,f,g,f
e,x,y,g,t
p,x,f,g,f
e,f,y,e,t
e,f,y,g,t
e,x,f,g,t
p,x,f,g,f
e,f,y,g,t
e,f,y,g,t
p,x,s,w,f
p,x,y,y,f
e,f,f,e,t
p,x,f,g,f
p,x,f,g,f
e,x,y,n,t
p,x,f,g,f
e,f,y,n,t
e,f,f,g,t
e,f,y,g,t
e,f,y,g,t
p,x,s,g,f
e,f,f,g,t
e,f,y,e,t
e,f,y,n,t
e,f,y,g,t
p,x,f,p,f
p,x,f,g,f
e,f,y,g,t
e,f,f,g,t
p,x,s,p,f
e,x,y,g,t
p,x,f,g,f
p,x,f,g,f
e,f,y,n,t
e,f,y,n,t
p,x,s,g,f
p,f,f,g,f
p,x,f,p,f
e,f,y,e,t
e,f,y,g,t
e,f,f,e,t
p,x,f,y,f
e,f,f,g,t
p,x,f,w,f
p,x,f,g,f
e,f,f,e,t
e,f,y,g,t
p,x,f,g,f
p,x,f,g,f
p,x,s,p,f
e,x,y,g,t
p,x,f,g,f
e,f,y,n,t
e,x,y,n,t
e,f,y,e,t
e,f,y,g,t
e,f,f,e,t
e,f,y,g,t
e,f,f,g,t
p,x,f,p,f
e,f,f,e,t
e,f,f,e,t
p,x,s,w,f
e,f,f,g,t
e,f,y,n,t
p,x,f,g,f
e,f,f,e,t
p,x,f,g,f
e,f,f,e,t
e,f,y,g,t
e,f,f,g,t
p,x,f,g,f
e,f,y,e,t
p,x,f,w,f
e,f,y,n,t
e,x,y,g,t
e,f,y,n,t
e,f,y,e,t
e,f,y,g,t
e,f,y,e,t
p,x,f,g,f
e,f,y,g,t
e,f,y,g,t
e,f,f,g,t
e,f,y,g,t
e,f,f,e,t
e,f,f,e,t
e,f,y,n,t
e,f,f,n,t
p,x,f,p,f
p,x,f,g,f
e,f,y,g,t
e,f,y,e,t
p,x,s,w,f
p,x,f,p,f
p,x,f,g,f
e,x,f,g,t
e,f,y,e,t
p,x,s,p,f
e,f,y,g,t
e,f,y,n,t
p,x,f,g,f
e,f,y,n,t
e,x,f,e,t
p,x,f,w,f
e,f,y,n,t
p,x,f,g,f
e,f,y,e,t
p,x,f,y,f
e,f,f,g,t
e,x,f,e,t
e,f,y,e,t
e,f,y,g,t
p,x,f,g,f
e,f,y,g,t
e,f,f,e,t
p,x,f,g,f
e,f,y,n,t
p,x,s,g,f
p,x,f,g,f
e,f,f,e,t
e,f,y,n,t
e,f,y,g,t
e,f,f,g,t
p,x,f,w,f
p,x,f,g,f
p,x,f,g,f
e,f,f,e,t
e,f,y,e,t
p,f,y,g,f
p,x,f,g,f
e,f,y,e,t
p,x,f,p,f
p,x,s,g,f
e,f,y,e,t
e,f,f,e,t
e,f,y,e,t
e,f,y,n,t
p,x,s,p,f
p,x,f,g,f
e,f,f,e,t
e,f,y,e,t
e,f,f,g,t
e,f,f,e,t
e,f,y,n,t
e,f,y,e,t
p,f,f,y,f
e,x,f,g,t
p,x,s,p,f
e,x,y,e,t
e,f,f,g,t
e,f,f,e,t
e,x,f,e,t
e,f,y,g,t
e,f,f,e,t
p,x,s,w,f
p,x,y,g,f
p,x,f,p,f
e,f,y,g,t
e,x,y,n,t
p,x,f,g,f
e,f,y,n,t
p,x,f,p,f
e,f,f,e,t
p,x,s,w,f
e,x,y,n,t
p,x,f,g,f
p,x,s,g,f
e,f,y,n,t
p,x,f,g,f
p,x,s,p,f
e,f,y,e,t
p,x,s,g,f
e,x,y,g,t
e,x,y,g,t
e,f,y,n,t
e,f,y,n,t
e,f,f,n,t
p,x,s,g,f
e,f,f,g,t
e,x,f,e,t
e,f,f,g,t
e,f,y,e,t
e,f,y,n,t
p,x,f,g,f
p,x,s,g,f
e,f,y,e,t
e,x,y,g,t
p,x,f,g,f
e,f,y,n,t
e,f,y,g,t
e,f,f,e,t
p,x,f,y,f
p,x,s,g,f
e,f,y,g,t
e,f,y,n,t
e,f,y,n,t
e,f,y,g,t
e,f,y,g,t
p,x,f,g,f
e,f,y,g,t
e,f,f,e,t
p,x,f,g,f
e,f,y,g,t
p,f,y,g,f
e,f,f,e,t
p,x,f,g,f
e,f,y,g,t
p,x,f,p,f
e,f,f,e,t
p,x,f,p,f
p,x,s,w,f
e,f,y,g,t
p,x,s,p,f
p,x,f,g,f
e,x,f,n,t
e,f,y,g,t
e,f,y,e,t
p,x,f,g,f
p,x,f,g,f
p,x,f,g,f
p,x,f,w,f
e,f,y,n,t
e,f,y,g,t
p,x,f,w,f
e,x,y,g,t
e,f,y,n,t
e,f,f,g,t
e,x,y,e,t
e,f,y,e,t
p,x,f,w,f
e,f,f,e,t
p,x,y,y,f
e,f,f,g,t
e,f,y,n,t
p,x,f,g,f
p,x,s,p,f
e,f,f,e,t
e,x,f,g,t
e,f,y,g,t
p,x,f,g,f
e,x,y,n,t
e,f,y,g,t
e,f,f,g,t
p,x,f,g,f
e,f,y,n,t
p,x,f,g,f
e,f,y,g,t
e,f,f,e,t
e,f,f,e,t
p,x,s,w,f
p,x,f,w,f
e,f,f,e,t
e,f,f,e,t
e,f,y,n,t
p,x,f,g,f
e,f,y,g,t
p,x,f,g,f
e,f,f,e,t
p,x,f,g,f
e,f,y,g,t
e,f,f,e,t
e,f,y,n,t
p,x,f,g,f
e,f,f,e,t
e,x,f,g,t
e,f,y,g,t
p,x,f,w,f
e,f,f,e,t
e,f,f,e,t
e,f,y,e,t
e,x,f,e,t
e,f,y,n,t
p,x,f,g,f
e,x,f,g,t
p,x,f,g,f
e,f,y,g,t
e,f,y,n,t
p,x,y,g,f
e,f,y,g,t
p,f,f,g,f
e,f,y,e,t
p,x,s,g,f
e,f,y,e,t
e,f,y,n,t
e,x,f,e,t
e,f,y,e,t
e,f,y,g,t
p,x,s,p,f
p,f,f,g,f
e,f,f,g,t
e,f,f,e,t
p,x,f,p,f
e,f,f,n,t
e,f,y,g,t
e,f,y,e,t
e,f,y,e,t
e,x,f,g,t
p,x,s,w,f
e,f,y,g,t
p,x,y,g,f
e,f,y,n,t
e,f,y,n,t
p,x,s,g,f
e,f,y,g,t
e,f,y,e,t
p,x,f,g,f
e,x,y,n,t
e,f,y,e,t
e,f,f,e,t
p,x,s,p,f
p,x,f,g,f
e,f,y,e,t
e,f,y,g,t
p,x,s,p,f
e,f,f,g,t
e,f,f,e,t
e,f,f,n,t
e,x,y,g,t
e,x,y,n,t
e,f,y,n,t
p,x,f,p,f
e,f,f,e,t
p,x,y,y,f
p,x,s,g,f
e,f,y,n,t
p,f,f,g,f
p,x,f,g,f
e,f,y,g,t
e,f,y,g,t
e,f,y,g,t
e,x,y,n,t
p,x,f,y,f
e,f,f,g,t
p,x,f,g,f
e,f,y,e,t
e,f,f,e,t
p,f,f,g,f
e,f,f,e,t
p,x,f,y,f
e,f,f,e,t
e,f,f,g,t
e,f,f,e,t
e,f,y,e,t
e,f,y,e,t
e,f,y,n,t
e,f,f,g,t
e,f,f,e,t
p,x,f,g,f
e,f,y,n,t
p,x,f,g,f
e,f,y,n,t
e,f,y,g,t
e,x,f,e,t
e,f,y,e,t
e,f,f,g,t
e,x,y,g,t
p,x,f,p,f
e,x,y,n,t
e,f,y,n,t
e,f,y,g,t
p,f,f,g,f
e,f,y,g,t
e,f,y,e,t
p,x,f,g,f
e,f,y,n,t
p,x,f,g,f
e,f,f,e,t
e,x,y,n,t
e,x,y,g,t
e,f,y,e,t
p,x,y,g,f
p,x,s,g,f
p,x,f,g,f
p,x,f,g,f
p,f,f,g,f
e,f,f,g,t
p,x,f,g,f
e,f,y,e,t
e,f,y,n,t
e,f,y,n,t
p,x,y,y,f
e,f,y,g,t
p,x,f,p,f
e,f,f,e,t
e,f,y,n,t
e,x,y,n,t
e,f,f,e,t
p,x,f,g,f
p,x,f,g,f
e,f,f,g,t
e,x,f,n,t
p,x,f,g,f
e,f,f,g,t
p,x,f,p,f
e,f,y,n,t
e,f,y,g,t
p,x,f,g,f
e,x,f,e,t
p,x,s,g,f
p,x,f,g,f
e,f,y,n,t
p,x,f,g,f
e,f,y,e,t
e,f,f,g,t
e,f,f,g,t
e,f,y,n,t
e,f,y,e,t
e,f,y,g,t
e,f,y,e,t
e,f,y,n,t
p,x,y,y,f
e,f,f,g,t
e,f,y,n,t
p,x,f,g,f
p,x,f,g,f
p,x,f,g,f
e,f,y,e,t
e,f,y,n,t
p,x,y,g,f
p,x,f,g,f
p,f,y,g,f
e,f,y,n,t
p,x,f,g,f
e,f,f,e,t
p,f,f,y,f
e,f,y,n,t
e,x,y,e,t
p,x,f,g,f
e,x,y,n,t
p,x,s,w,f
e,f,y,g,t
e,f,f,e,t
e,f,y,g,t
p,x,f,g,f
e,f,y,e,t
e,f,y,e,t
p,x,s,p,f
e,f,f,e,t
e,f,f,g,t
e,f,f,g,t
e,f,f,g,t
p,x,f,g,f
e,f,y,n,t
e,f,y,g,t
e,f,y,n,t
p,x,s,p,f
e,f,y,e,t
e,f,y,g,t
e,f,y,e,t
p,x,s,w,f
p,x,f,g,f
e,f,y,n,t
p,x,f,g,f
p,x,f,w,f
e,f,y,n,t
e,f,y,g,t
e,f,y,g,t
e,f,y,g,t
p,x,f,w,f
e,f,f,e,t
p,x,f,g,f
e,f,y,n,t
e,f,y,n,t
p,x,s,p,f
e,f,y,g,t
p,x,s,p,f
e,x,y,n,t
p,x,y,g,f
e,f,y,e,t
p,x,f,p,f
p,x,f,g,f
e,f,f,e,t
e,f,f,e,t
p,x,f,g,f
p,x,f,g,f
e,f,y,g,t
p,x,f,g,f
e,f,f,e,t
e,f,y,n,t
p,f,y,y,f
e,f,y,e,t
e,f,y,e,t
e,f,y,n,t
e,x,f,n,t
p,f,y,g,f
e,f,y,g,t
e,f,f,e,t
e,f,y,n,t
e,x,y,g,t
e,x,y,n,t
p,x,f,g,f
p,x,s,w,f
p,f,f,y,f
e,f,y,n,t
e,f,y,e,t
e,f,f,e,t
e,f,f,e,t
e,f,y,e,t
e,f,y,n,t
e,f,y,e,t
p,x,y,g,f
e,f,y,e,t
e,f,y,n,t
p,x,f,g,f
p,x,f,w,f
p,x,f,g,f
e,x,y,n,t
p,f,f,y,f
p,x,s,g,f
e,f,y,e,t
e,f,y,e,t
e,f,f,e,t
p,x,f,y,f
e,f,y,n,t
e,f,f,e,t
e,f,y,e,t
p,x,f,y,f
p,x,f,g,f
e,f,f,e,t
p,x,s,g,f
p,x,f,w,f
p,x,f,g,f
e,f,y,g,t
e,f,f,e,t
p,f,f,y,f
e,f,f,e,t
e,f,y,e,t
e,f,f,g,t
e,f,y,e,t
e,f,f,g,t
e,f,y,n,t
e,f,y,e,t
e,f,y,n,t
e,f,f,e,t
e,f,y,e,t
e,f,f,g,t
e,x,f,g,t
e,f,y,n,t
e,f,y,n,t
e,x,f,e,t
e,f,f,n,t
p,x,f,g,f
e,f,y,e,t
e,x,y,g,t
e,f,y,n,t
e,f,y,n,t
e,f,y,g,t
p,x,f,g,f
e,f,f,e,t
p,f,f,g,f
e,f,y,g,t
e,f,y,g,t
e,f,f,g,t
p,f,f,y,f
e,x,y,n,t
e,f,y,g,t
p,f,f,g,f
e,f,y,n,t
p,x,f,g,f
e,f,y,e,t
p,x,s,w,f
e,f,y,n,t
p,x,s,w,f
e,f,y,e,t
e,f,f,g,t
e,f,f,e,t
e,f,y,e,t
p,x,s,g,f
e,f,y,e,t
e,f,y,e,t
p,x,f,p,f
e,f,f,e,t
p,x,s,p,f
e,f,f,e,t
p,f,f,g,f
e,f,y,g,t
p,x,f,g,f
e,f,y,n,t
e,f,y,e,t
e,f,y,n,t
p,x,s,p,f
p,x,y,g,f
e,f,f,e,t
e,f,f,g,t
e,f,y,g,t
e,f,y,e,t
e,f,y,e,t
e,x,f,g,t
p,x,f,g,f
e,x,y,n,t
e,f,y,e,t
e,f,f,e,t
p,x,f,w,f
e,f,y,e,t
e,f,y,g,t
p,x,f,g,f
e,f,y,g,t
p,x,s,w,f
e,f,f,e,t
p,x,s,w,f
p,x,f,g,f
p,x,f,g,f
e,f,y,g,t
e,f,y,g,t
e,f,y,e,t
e,f,y,e,t
p,x,f,g,f
e,f,f,e,t
e,f,f,e,t
p,x,y,g,f
e,f,f,e,t
p,x,f,g,f
e,f,y,g,t
e,f,y,e,t
e,f,y,e,t
e,f,y,g,t
e,x,f,e,t
e,f,y,g,t
p,x,s,p,f
e,f,y,n,t
p,x,f,g,f
e,f,y,e,t
e,f,y,g,t
e,f,f,e,t
p,x,s,w,f
p,x,f,w,f
e,x,y,n,t
e,f,f,e,t
e,f,y,e,t
e,x,y,g,t
p,x,f,g,f
p,x,f,w,f
e,f,y,n,t
e,f,f,e,t
p,x,f,w,f
p,x,s,g,f
e,x,y,e,t
p,x,f,g,f
p,x,f,g,f
p,x,f,g,f
p,x,s,g,f
e,x,f,g,t
p,x,f,p,f
e,f,f,e,t
p,x,s,p,f
p,x,f,g,f
e,f,y,e,t
p,x,f,g,f
p,x,s,g,f
e,f,y,g,t
e,f,y,n,t
p,x,f,g,f
e,f,f,e,t
p,x,s,w,f
e,f,y,n,t
p,x,f,g,f
p,f,y,g,f
e,f,y,g,t
p,x,f,g,f
e,f,y,g,t
p,x,f,g,f
p,f,f,g,f
e,f,f,e,t
e,f,f,g,t
p,x,f,w,f
e,f,f,g,t
p,x,f,g,f
p,x,y,y,f
p,f,y,g,f
p,x,f,y,f
p,x,f,w,f
p,x,y,y,f
p,x,y,y,f
p,x,f,y,f
p,f,f,y,f
p,f,f,y,f
e,f,y,g,t
p,x,y,g,f
p,f,f,y,f
p,f,f,y,f
e,x,f,g,t
e,f,y,n,t
e,f,y,e,t
p,x,y,y,f
p,f,y,g,f
p,f,y,g,f
e,f,y,e,t
p,f,y,g,f
e,f,f,e,t
e,f,f,g,t
e,f,f,g,t
p,x,f,g,f
p,x,y,y,f
p,f,f,y,f
e,f,y,e,t
p,x,f,y,f
p,f,y,g,f
p,f,f,y,f
p,f,y,y,f
p,x,y,g,f
p,f,f,y,f
p,x,s,p,f
p,x,y,y,f
e,f,f,e,t
e,f,y,e,t
p,x,f,p,f
p,x,f,y,f
p,f,y,g,f
e,x,y,g,t
e,f,f,e,t
p,f,y,g,f
e,f,y,g,t
p,x,f,y,f
p,f,y,g,f
e,f,f,e,t
p,x,y,y,f
p,f,f,y,f
p,x,y,y,f
p,f,f,g,f
p,x,s,p,f
p,x,f,g,f
p,x,y,g,f
p,x,y,y,f
p,f,f,g,f
e,f,y,g,t
p,x,s,g,t
p,x,y,y,f
e,f,f,g,t
p,f,f,y,f
p,x,y,g,f
p,f,f,y,f
p,x,y,g,f
p,f,y,g,f
p,f,y,y,f
p,x,f,y,f
p,x,s,w,f
p,x,y,g,f
p,x,f,g,f
e,f,y,n,t
e,f,f,g,t
p,x,f,y,f
p,x,s,p,f
p,f,f,g,f
p,x,f,g,f
p,x,s,w,f
e,f,f,e,t
p,f,y,g,f
p,x,f,p,f
p,f,s,w,t
p,x,y,y,f
e,x,y,b,t
p,f,f,g,f
p,x,f,g,f
p,x,f,y,f
p,f,f,y,f
e,f,f,g,t
p,x,f,y,f
p,x,y,g,f
p,f,f,g,f
p,x,f,g,f
p,x,f,g,f
p,x,y,g,f
p,x,s,g,t
p,x,y,g,f
e,f,y,g,t
p,f,f,y,f
e,f,f,e,t
p,f,y,g,f
e,f,y,n,t
e,f,f,e,t
p,x,y,g,f
p,x,y,g,f
e,f,f,e,t
p,f,f,g,f
e,f,f,g,t
e,f,y,e,t
e,f,y,e,t
p,f,f,g,f
e,x,f,e,t
p,f,y,g,f
p,x,y,y,f
p,f,y,y,f
p,x,f,y,f
p,x,y,y,f
e,x,f,g,t
e,x,y,g,t
p,f,y,g,f
p,f,f,y,f
p,x,y,g,f
p,x,y,e,f
p,x,y,g,f
p,x,y,g,f
p,x,s,g,f
p,f,f,g,f
p,f,s,b,t
p,x,y,g,f
p,x,y,y,f
p,x,s,w,f
p,x,y,y,f
e,f,f,e,t
p,x,y,g,f
p,x,f,y,f
p,x,f,y,f
p,f,f,g,f
p,x,f,y,f
e,f,f,g,t
p,x,f,g,f
e,f,y,n,t
p,f,y,g,f
p,f,f,g,f
p,f,f,g,f
p,x,s,w,f
p,x,y,g,f
e,f,y,n,t
p,x,f,w,f
p,x,f,y,f
p,x,f,y,f
p,x,f,p,f
p,f,f,y,f
p,f,f,g,f
e,f,y,e,t
p,x,y,y,f
p,f,f,y,f
p,x,f,g,f
p,x,s,p,f
e,x,f,e,t
p,x,y,y,f
e,f,f,n,t
e,f,y,e,t
p,f,y,y,f
p,x,f,y,f
p,x,y,g,f
p,f,f,g,f
p,f,f,y,f
e,f,y,g,t
p,x,y,g,f
p,x,y,y,f
p,f,f,g,f
p,f,f,y,f
e,f,f,e,t
e,f,y,n,t
p,x,f,y,f
e,f,y,u,f
e,f,y,n,t
p,f,y,y,f
p,f,f,y,f
p,x,y,g,f
p,x,y,g,f
p,f,f,y,f
p,x,y,y,f
p,x,f,y,f
p,x,y,g,f
p,x,f,y,f
e,x,f,g,t
p,f,y,g,f
e,f,y,e,t
p,x,f,g,f
p,f,f,y,f
e,f,y,n,t
e,f,f,g,t
p,f,y,g,f
e,x,f,e,t
e,f,f,e,t
p,f,y,y,f
p,x,f,w,f
p,x,y,g,f
p,x,y,e,f
p,x,f,y,f
p,f,y,g,f
e,f,y,g,t
p,x,y,n,f
e,f,y,e,t
p,b,s,b,t
e,f,f,g,t
p,f,f,g,f
e,f,y,g,t
p,f,f,y,f
p,f,f,y,f
p,f,f,g,f
e,f,f,e,t
p,x,f,g,f
p,f,f,y,f
p,x,f,y,f
p,x,f,y,f
p,f,f,y,f
p,f,f,y,f
p,x,y,g,f
e,f,y,e,t
p,f,f,g,f
p,f,f,y,f
e,f,f,n,t
p,x,y,y,f
p,x,y,y,f
e,f,y,n,t
p,f,y,g,f
e,f,f,e,t
p,x,y,y,f
p,f,y,g,f
p,x,y,y,f
p,x,s,g,f
e,f,f,g,t
p,f,y,g,f
p,x,f,g,f
p,f,y,g,f
e,f,y,n,t
p,x,y,y,f
p,f,f,g,f
e,f,y,e,t
e,f,y,e,t
p,f,s,g,t
p,x,f,g,f
p,f,y,g,f
p,x,y,g,f
p,x,f,y,f
p,f,y,g,f
p,f,y,g,f
e,f,y,e,t
p,x,y,g,f
p,f,y,g,f
p,x,y,g,f
e,f,f,e,t
e,f,y,e,t
e,f,y,e,t
p,f,f,y,f
p,f,f,g,f
e,f,y,n,t
p,x,y,g,f
e,f,f,g,t
p,x,f,y,f
p,x,y,y,f
p,x,y,y,f
e,f,f,c,f
p,x,f,g,f
p,f,f,g,f
p,x,y,g,f
p,f,y,g,f
p,x,s,b,t
p,f,f,g,f
p,x,y,g,f
p,f,f,y,f
p,f,f,g,f
p,f,f,g,f
e,f,f,g,t
p,x,f,y,f
p,x,f,y,f
e,f,y,e,t
p,f,y,g,f
p,f,f,g,f
p,x,y,y,f
e,f,f,g,t
p,x,f,g,f
p,x,f,g,f
e,f,y,n,t
e,f,f,g,t
p,x,y,g,f
p,f,y,y,f
p,f,f,y,f
p,f,f,g,f
p,f,f,g,f
p,f,y,g,f
p,f,s,b,t
e,f,f,e,t
p,x,y,n,f
e,x,y,g,t
p,x,f,g,f
p,x,f,p,f
p,x,y,n,f
p,f,f,g,f
p,x,f,y,f
p,x,s,g,t
p,f,y,g,f
p,x,f,y,f
p,f,y,g,f
p,f,f,g,f
p,f,y,g,f
p,x,y,g,f
p,f,f,g,f
p,x,f,y,f
p,f,f,y,f
p,x,f,y,f
p,x,f,y,f
p,x,y,y,f
p,f,s,g,t
p,x,f,y,f
p,f,f,y,f
p,f,y,g,f
p,f,f,y,f
p,f,f,y,f
p,x,y,g,f
p,x,y,g,f
e,f,y,e,t
p,f,f,y,f
p,f,f,g,f
p,f,y,g,f
p,x,f,y,f
p,x,f,y,f
p,x,f,g,f
p,x,y,y,f
p,f,s,w,t
p,f,f,y,f
p,f,f,y,f
p,f,y,g,f
p,f,f,y,f
p,f,f,y,f
p,f,f,g,f
p,x,y,g,f
p,x,f,y,f
p,f,f,g,f
p,x,f,y,f
p,f,y,g,f
p,x,y,y,f
p,x,s,w,t
p,f,f,g,f
p,x,s,b,t
p,f,y,g,f
p,x,y,g,f
p,x,f,y,f
p,x,f,y,f
p,x,y,y,f
e,f,y,g,t
p,f,y,y,f
p,x,y,g,f
p,f,f,y,f
p,f,y,y,f
p,f,f,y,f
p,x,y,g,f
p,f,f,g,f
p,x,y,g,f
p,x,f,p,f
p,x,y,y,f
p,x,f,y,f
p,f,f,y,f
p,x,y,g,f
p,f,f,g,f
p,x,y,g,f
p,x,f,y,f
p,x,f,y,f
p,x,y,g,f
p,x,y,y,f
p,f,y,g,f
p,f,y,g,f
p,x,f,y,f
e,k,y,n,f
p,f,f,g,f
p,x,y,y,f
p,f,f,y,f
p,x,y,g,f
p,x,f,g,f
p,f,f,y,f
e,f,s,p,t
p,f,f,y,f
p,x,f,y,f
p,x,y,g,f
p,f,y,g,f
p,x,f,y,f
p,f,y,g,f
p,f,y,g,f
e,k,s,p,t
p,x,f,y,f
p,f,f,y,f
p,f,f,g,f
p,f,f,g,f
p,x,f,y,f
p,f,f,g,f
p,x,y,g,f
p,f,y,y,f
p,f,f,g,f
p,x,f,y,f
p,f,f,g,f
p,f,f,g,f
p,f,f,y,f
e,f,y,g,t
p,f,y,g,f
p,f,y,g,f
p,f,y,g,f
p,x,y,y,f
p,x,y,g,f
p,x,y,y,f
p,f,f,y,f
p,x,f,y,f
p,x,y,y,f
p,f,f,g,f
p,x,f,y,f
p,f,f,g,f
p,f,y,g,f
p,f,f,g,f
p,f,y,y,f
p,f,f,g,f
p,x,f,y,f
p,f,y,g,f
p,f,y,g,f
p,f,y,g,f
e,x,y,r,f
p,f,y,y,f
p,x,f,y,f
p,x,y,n,f
p,f,y,y,f
p,k,y,n,f
p,f,f,y,f
p,x,y,g,f
p,x,y,g,f
p,f,y,g,f
p,x,f,y,f
p,x,f,g,f
p,x,y,g,f
p,x,y,g,f
p,x,y,g,f
e,f,y,e,t
p,f,f,y,f
p,x,y,y,f
p,f,f,y,f
p,x,f,y,f
p,f,f,g,f
p,f,f,g,f
p,x,y,y,f
p,f,s,b,t
p,x,y,g,f
p,x,y,y,f
p,f,f,g,f
p,f,y,g,f
p,f,f,y,f
p,f,y,g,f
p,x,y,g,f
e,x,s,e,t
p,f,f,g,f
p,f,f,y,f
p,f,y,g,f
p,x,y,y,f
p,f,y,g,f
p,x,f,y,f
p,b,y,w,t
p,f,s,b,t
p,x,y,y,f
p,f,y,g,f
p,f,y,g,f
p,f,y,y,f
p,f,f,g,f
p,x,y,y,f
p,x,f,y,f
p,f,f,g,f
p,x,s,w,t
e,f,y,g,t
p,x,y,n,f
p,f,y,g,f
p,f,f,g,f
e,f,y,e,t
e,x,y,b,t
p,x,y,y,f
p,x,y,y,f
p,x,y,y,f
p,x,y,y,f
p,f,f,y,f
p,f,y,g,f
p,x,f,g,f
p,f,y,y,f
p,x,y,g,f
p,x,y,y,f
p,f,y,g,f
p,f,y,y,f
p,x,y,g,f
p,f,y,g,f
p,f,y,g,f
e,x,y,u,f
p,x,f,g,f
p,f,f,y,f
p,f,f,y,f
p,x,f,y,f
p,f,f,y,f
p,f,f,g,f
p,f,y,g,f
p,f,f,g,f
p,f,f,y,f
p,f,y,y,f
p,f,f,g,f
p,f,y,g,f
p,f,f,y,f
e,f,f,e,t
p,f,s,b,t
p,f,y,g,f
p,f,f,g,f
p,x,y,y,f
p,f,f,y,f
p,f,y,y,f
e,f,y,n,t
p,f,y,y,f
e,x,s,b,t
p,x,y,y,f
p,x,f,y,f
p,x,y,y,f
p,f,y,g,f
e,f,f,e,t
p,f,f,y,f
p,f,f,y,f
p,x,y,y,f
p,x,f,y,f
p,x,y,n,f
p,f,f,y,f
p,x,y,y,f
p,f,f,y,f
p,f,f,y,f
p,f,y,g,f
p,f,y,g,f
p,f,y,g,f
p,f,f,g,f
p,x,s,g,f
p,x,y,y,f
p,f,s,g,t
p,x,y,g,f
p,x,y,y,f
p,x,y,y,f
e,f,y,g,t
p,f,f,g,f
p,f,y,y,f
p,f,y,g,f
p,x,y,y,f
p,x,y,g,f
p,x,f,y,f
e,f,y,n,t
p,x,y,g,f
p,f,f,y,f
p,x,y,g,f
p,x,y,y,f
p,f,f,g,f
p,f,f,g,f
p,x,y,y,f
e,k,y,b,t
p,x,y,y,f
p,x,y,n,f
p,f,y,g,f
p,x,y,g,f
p,f,y,y,f
p,f,y,g,f
p,f,f,g,f
p,f,y,y,f
p,x,f,y,f
p,x,s,w,t
p,x,y,y,f
p,f,f,y,f
p,x,f,y,f
p,x,y,y,f
p,f,y,y,f
p,x,y,y,f
p,x,y,y,f
p,f,y,g,f
p,f,f,y,f
p,f,f,g,f
e,f,y,n,t
p,x,y,y,f
p,x,y,g,f
p,f,y,g,f
p,f,y,g,f
p,x,y,y,f
p,f,f,g,f
p,x,y,g,f
p,x,y,y,f
p,x,f,y,f
p,f,f,y,f
e,f,f,c,f
p,f,y,g,f
p,x,y,g,f
p,f,f,y,f
p,f,f,y,f
p,x,s,g,t
e,f,s,n,t
p,x,y,n,f
p,x,s,g,f
p,x,f,y,f
p,f,y,g,f
p,f,y,g,f
p,x,y,y,f
p,x,y,y,f
p,x,y,g,f
p,f,y,g,f
p,f,y,g,f
p,f,f,y,f
p,x,f,y,f
p,f,f,y,f
p,f,f,g,f
p,f,f,y,f
p,f,y,y,f
p,f,f,y,f
p,f,f,y,f
p,x,y,g,f
p,x,y,g,f
p,x,y,g,f
e,x,s,b,t
p,f,f,g,f
p,x,f,y,f
p,x,y,n,f
p,x,y,g,f
p,f,y,g,f
p,f,y,g,f
p,f,f,y,f
p,x,y,y,f
p,x,f,y,f
p,f,f,g,f
p,x,y,g,f
p,f,f,y,f
p,x,f,y,f
e,x,y,u,f
e,f,y,b,t
p,f,y,y,f
p,x,y,y,f
p,x,y,g,f
p,f,f,g,f
p,f,y,g,f
p,f,f,g,f
p,f,y,g,f
p,x,f,y,f
p,f,f,y,f
p,f,f,g,f
p,f,y,y,f
p,f,y,y,f
p,f,f,g,f
p,f,s,b,t
p,f,s,w,t
p,x,y,y,f
p,f,f,y,f
p,f,y,g,f
p,x,y,y,f
p,x,f,y,f
p,x,f,y,f
e,f,f,g,t
e,x,y,u,f
p,x,y,g,f
p,f,f,y,f
p,x,y,y,f
p,f,y,g,f
p,x,y,y,f
p,x,f,y,f
p,x,y,y,f
p,f,f,y,f
p,x,y,g,f
p,f,y,g,f
p,f,y,g,f
p,x,f,y,f
e,f,f,e,t
p,x,y,y,f
p,f,f,g,f
p,x,y,g,f
p,f,y,g,f
p,f,f,g,f
p,f,f,g,f
p,f,f,g,f
p,f,y,g,f
p,f,f,y,f
p,x,f,y,f
p,x,y,g,f
p,x,y,g,f
p,x,f,w,f
p,f,f,g,f
p,x,f,y,f
p,f,y,g,f
p,x,f,y,f
p,f,y,g,f
p,f,y,g,f
p,f,f,y,f
p,x,y,g,f
p,f,y,y,f
p,f,f,y,f
p,x,f,y,f
p,f,f,y,f
p,x,y,y,f
p,f,f,y,f
p,x,f,y,f
p,f,y,g,f
p,f,f,g,f
p,f,f,y,f
p,f,f,g,f
p,f,f,g,f
p,f,f,y,f
p,x,y,y,f
p,x,y,y,f
p,f,f,y,f
p,x,y,y,f
p,x,y,y,f
p,x,y,n,f
e,f,y,b,t
p,x,f,y,f
p,x,y,y,f
p,f,y,g,f
p,x,y,y,f
p,f,y,g,f
p,f,y,g,f
p,f,f,g,f
p,x,f,y,f
p,f,f,y,f
p,f,f,y,f
p,f,y,g,f
p,f,y,g,f
p,f,f,g,f
p,f,y,g,f
p,f,f,g,f
p,f,y,g,f
p,x,f,g,f
p,f,s,b,t
e,f,f,e,t
p,x,y,y,f
p,x,y,g,f
p,f,y,g,f
e,f,f,g,t
p,x,y,y,f
p,x,y,y,f
p,f,f,y,f
p,x,f,y,f
p,x,f,y,f
p,x,y,g,f
p,f,s,w,t
p,x,y,g,f
p,x,f,y,f
p,f,y,g,f
p,x,y,g,f
p,x,f,y,f
e,f,y,u,f
p,f,f,y,f
p,f,y,g,f
p,x,y,y,f
p,f,f,g,f
e,f,y,n,t
p,x,f,y,f
p,f,f,g,f
p,x,y,g,f
p,f,f,y,f
p,x,f,y,f
p,x,y,y,f
p,x,f,y,f
p,f,y,g,f
p,x,s,w,t
e,f,y,e,t
e,x,y,u,f
p,x,y,y,f
p,x,y,g,f
p,x,f,y,f
p,f,f,g,f
p,x,y,g,f
p,f,f,g,f
p,f,f,y,f
p,x,y,g,f
p,f,y,g,f
e,f,s,p,t
p,f,f,g,f
p,x,y,y,f
p,x,y,g,f
p,f,f,y,f
p,x,f,y,f
p,f,y,g,f
p,f,y,y,f
p,x,y,g,f
p,x,y,g,f
p,f,f,y,f
p,f,f,g,f
p,x,y,g,f
p,f,f,y,f
p,f,y,g,f
p,x,y,g,f
p,f,f,g,f
p,x,y,g,f
p,f,f,g,f
p,x,y,y,f
p,x,f,y,f
p,x,y,g,f
p,f,f,y,f
e,f,y,n,t
p,f,f,g,f
p,x,y,y,f
p,x,s,g,t
p,f,y,y,f
p,x,y,y,f
p,x,f,w,f
p,x,f,y,f
p,f,s,b,t
p,x,y,y,f
p,x,y,g,f
p,f,f,y,f
p,f,s,p,t
p,f,s,b,t
p,x,y,g,f
p,x,y,g,f
p,x,y,g,f
p,f,f,g,f
p,f,f,g,f
p,x,f,y,f
p,f,f,y,f
e,f,y,u,f
p,x,f,y,f
e,f,f,e,t
p,f,f,y,f
p,x,f,y,f
p,x,y,n,f
p,x,y,g,f
p,x,f,y,f
p,f,f,g,f
p,x,y,g,f
p,x,y,g,f
p,x,f,y,f
p,f,f,y,f
p,f,y,g,f
p,f,y,g,f
e,f,y,n,t
p,x,y,y,f
e,f,f,e,t
p,x,f,y,f
p,x,y,g,f
p,f,y,g,f
p,x,f,y,f
p,f,f,g,f
p,f,f,g,f
p,f,y,g,f
p,f,y,g,f
p,x,f,y,f
p,x,y,y,f
p,f,f,y,f
p,x,y,g,f
p,f,f,y,f
p,f,y,g,f
p,x,f,p,f
p,f,f,y,f
p,x,y,g,f
p,x,y,y,f
p,x,y,g,f
p,f,y,y,f
p,x,y,g,f
p,x,f,y,f
p,f,y,g,f
p,f,y,g,f
p,x,y,y,f
p,f,f,y,f
p,x,y,g,f
p,x,y,y,f
p,x,y,g,f
p,x,y,g,f
p,x,f,y,f
p,x,y,g,f
p,f,f,g,f
p,f,f,g,f
p,x,y,g,f
p,x,f,y,f
p,x,y,g,f
p,f,f,g,f
p,x,y,y,f
p,x,f,y,f
p,f,y,g,f
p,f,f,g,f
e,x,s,p,t
p,f,f,y,f
p,x,s,p,f
p,x,f,y,f
p,f,f,g,f
p,x,f,y,f
e,f,f,e,t
p,x,y,y,f
p,x,f,y,f
p,f,y,g,f
p,f,f,y,f
e,f,y,n,t
p,x,y,y,f
p,f,f,g,f
p,x,y,y,f
p,f,f,y,f
p,f,y,y,f
p,f,y,g,f
p,f,f,g,f
p,x,y,y,f
p,f,y,g,f
p,x,y,y,f
e,f,f,g,t
p,x,s,g,t
p,x,y,n,f
p,f,s,g,t
p,f,y,g,f
p,f,y,y,f
p,f,y,g,f
e,f,y,e,t
p,f,y,g,f
p,x,f,y,f
p,f,f,g,f
p,x,y,y,f
p,f,f,y,f
e,f,y,n,t
p,f,y,g,f
p,k,f,n,f
p,f,f,g,f
p,f,f,y,f
p,x,y,n,f
p,f,f,g,f
p,f,f,g,f
p,f,s,w,t
p,f,f,y,f
p,x,y,g,f
p,x,f,y,f
e,x,y,e,t
p,f,y,y,f
p,b,f,y,f
p,f,y,y,f
p,x,s,g,t
p,f,y,y,f
p,f,f,y,f
e,k,y,e,t
p,f,f,y,f
p,f,f,y,f
e,k,y,n,f
p,x,s,w,f
p,x,f,y,f
p,x,f,y,f
p,x,f,y,f
p,f,y,y,f
p,b,s,b,t
p,x,s,w,t
e,f,y,e,t
p,b,s,w,t
e,f,y,p,t
p,x,s,w,t
e,k,y,n,t
p,x,y,y,f
p,f,s,b,t
p,f,y,g,f
p,x,y,y,f
p,x,y,g,f
p,x,f,y,f
p,x,y,y,f
p,x,y,y,f
p,x,f,y,f
p,x,y,g,f
p,f,f,g,f
e,k,s,e,t
e,f,y,n,t
e,f,s,b,t
p,x,y,y,f
e,f,f,g,t
p,f,f,y,f
p,f,y,g,f
p,x,s,g,t
p,f,f,g,f
p,x,f,y,f
p,f,f,y,f
p,x,y,n,f
p,f,f,g,f
e,f,y,n,t
e,f,y,e,t
p,f,y,g,f
p,x,y,y,f
p,f,f,g,f
e,f,f,e,t
p,x,y,y,f
p,f,f,y,f
p,f,f,g,f
p,f,y,y,f
p,x,y,g,f
p,b,y,w,t
p,f,f,y,f
p,x,y,n,f
p,f,f,g,f
p,x,y,y,f
p,f,y,y,f
e,f,y,p,t
p,x,s,w,t
p,f,y,g,f
p,x,y,g,f
p,x,f,y,f
p,f,s,b,t
p,x,f,g,f
p,x,f,y,f
p,f,y,g,f
p,f,y,y,f
e,x,y,r,f
e,f,y,w,f
p,x,f,y,f
p,f,y,y,f
p,f,y,y,f
p,x,y,e,f
p,x,y,e,f
p,x,y,g,f
p,x,y,y,f
p,f,f,g,f
p,x,y,g,f
p,x,y,y,f
p,f,f,y,f
e,f,s,e,t
p,f,f,y,f
p,x,y,y,f
p,f,s,g,t
p,f,f,y,f
p,x,y,y,f
p,x,f,y,f
p,x,s,g,t
p,f,y,g,f
p,f,f,g,f
p,x,s,w,f
p,f,y,g,f
e,f,y,e,t
p,x,f,y,f
p,x,y,y,f
e,k,s,b,t
p,f,f,y,f
p,f,f,y,f
p,x,y,y,f
e,x,f,n,f
e,x,y,e,t
p,x,y,g,f
p,x,f,y,f
p,f,s,g,t
p,x,y,y,f
p,f,y,g,f
p,x,y,g,f
p,x,y,n,f
e,k,s,b,t
p,f,f,y,f
p,x,f,g,f
p,f,y,g,f
p,x,f,y,f
p,f,y,y,f
e,k,s,p,t
p,f,y,n,f
p,x,y,g,f
p,x,f,y,f
p,x,y,g,f
p,f,s,b,t
e,f,s,b,t
p,f,s,w,t
p,f,y,g,f
p,x,f,y,f
p,f,y,g,f
p,f,y,y,f
p,f,f,y,f
p,x,s,b,t
p,f,f,g,f
p,x,y,g,f
p,f,f,y,f
p,f,y,y,f
p,f,s,g,t
e,f,s,b,t
e,x,s,p,t
e,k,s,n,t
p,f,y,p,t
p,f,y,g,f
p,x,y,y,f
p,f,f,g,f
p,f,f,g,f
p,x,f,y,f
p,f,f,g,f
p,f,y,g,f
p,f,y,y,f
p,f,f,y,f
p,f,y,y,f
p,x,y,y,f
p,x,y,y,f
p,f,y,g,f
p,f,f,g,f
p,x,y,y,f
p,x,y,y,f
e,f,y,u,f
p,f,f,g,f
p,x,y,n,f
p,x,y,y,f
p,x,y,y,f
p,x,y,g,f
p,f,f,y,f
p,x,f,y,f
p,x,y,g,f
e,f,s,b,t
p,f,f,g,f
p,f,y,y,f
e,x,s,n,t
p,f,f,g,f
p,x,y,g,f
p,x,y,n,f
p,f,f,y,f
p,x,y,n,f
p,b,s,b,t
p,f,f,y,f
p,f,y,g,f
e,f,y,u,f
p,x,f,y,f
p,f,y,y,f
p,f,f,y,f
p,x,y,y,f
e,x,y,e,t
p,f,f,g,f
p,x,y,y,f
p,x,y,y,f
p,f,y,g,f
e,k,s,b,t
p,f,y,y,f
p,x,y,g,f
p,x,f,y,f
p,f,f,y,f
p,f,s,w,t
p,x,s,g,f
p,f,y,y,f
e,f,y,u,f
p,x,f,y,f
p,f,y,g,f
p,x,f,y,f
p,x,f,y,f
p,x,s,g,t
p,f,y,g,f
p,f,f,y,f
p,f,f,y,f
p,x,y,g,f
p,x,y,g,f
p,x,y,g,f
p,x,f,g,f
p,x,y,y,f
p,f,f,g,f
p,f,f,y,f
p,x,y,g,f
p,f,f,y,f
p,x,y,n,f
p,x,f,y,f
p,x,y,y,f
p,f,s,b,t
p,f,f,g,f
p,f,y,y,f
p,x,f,y,f
p,f,f,g,f
p,x,y,y,f
p,x,y,g,f
p,x,y,e,f
e,k,y,b,t
e,f,y,b,t
p,x,y,g,f
p,f,f,y,f
p,x,y,g,f
p,f,y,g,f
p,x,s,b,t
p,f,y,y,f
p,x,s,w,t
p,x,f,y,f
p,x,y,g,f
p,x,s,w,t
p,f,s,b,t
p,x,s,w,t
p,f,f,y,f
p,f,y,g,f
p,x,f,y,f
p,f,f,g,f
e,x,y,w,f
e,x,s,e,t
p,x,y,g,f
p,f,f,g,f
p,x,y,n,f
p,x,y,g,f
p,f,f,g,f
p,f,f,y,f
p,f,f,y,f
e,f,f,e,t
p,x,y,y,f
p,f,y,y,f
p,f,f,g,f
p,x,y,y,f
p,x,f,y,f
p,k,f,y,f
p,f,f,y,f
e,k,f,c,f
p,f,f,g,f
p,f,y,y,f
p,x,y,g,f
p,x,y,g,f
p,f,f,y,f
p,f,y,y,f
p,x,f,y,f
p,f,f,y,f
p,x,y,y,f
p,b,y,p,t
e,k,y,p,t
p,x,y,y,f
p,x,f,y,f
e,k,y,b,t
p,f,y,y,f
p,x,s,w,t
p,x,y,n,f
p,x,y,n,f
p,x,y,e,f
p,f,g,w,t
p,x,s,g,t
e,f,y,c,f
p,x,y,g,f
p,f,y,y,f
p,f,y,y,f
e,f,y,p,t
p,x,s,b,t
p,x,s,g,t
p,x,y,e,f
e,k,y,c,f
p,x,s,w,t
p,x,s,w,t
p,f,s,b,t
p,f,s,b,t
e,k,y,c,f
p,x,y,g,f
p,f,s,w,t
p,f,s,g,t
p,c,g,w,t
p,x,s,g,t
p,b,g,w,t
p,x,s,b,t
p,f,s,w,t
p,b,f,y,f
p,x,y,n,f
p,x,y,n,f
e,k,s,n,t
e,k,y,b,t
p,f,s,w,t
p,f,s,b,t
p,f,y,y,f
p,x,y,g,f
p,f,s,b,t
p,x,y,n,f
p,x,y,e,f
p,f,f,g,f
e,x,s,e,t
p,x,y,n,f
p,x,f,y,f
p,x,y,n,f
e,f,f,n,f
p,x,y,n,f
e,x,s,b,t
e,f,y,n,t
p,f,y,y,f
p,f,y,b,t
p,x,y,n,f
p,x,y,n,f
p,x,s,b,t
p,x,s,b,t
p,f,y,y,f
p,f,s,g,t
p,x,y,n,f
p,x,s,b,t
p,f,f,n,f
e,x,y,e,t
p,f,s,b,t
p,f,s,w,t
e,k,y,e,t
p,x,f,y,f
p,x,f,n,f
e,x,y,n,t
p,x,y,g,f
p,f,s,b,t
p,f,s,b,t
p,f,y,y,f
p,f,y,y,f
e,x,s,p,t
e,f,s,p,t
p,b,y,w,t
e,x,y,c,f
e,f,s,n,t
p,x,s,b,t
p,x,s,g,t
p,f,y,y,f
p,x,s,b,t
p,x,s,w,t
e,f,y,c,f
p,x,y,e,f
p,f,f,y,f
e,x,y,w,f
p,x,y,y,f
p,f,y,p,t
p,f,s,g,t
p,x,y,n,f
e,k,s,p,t
p,x,y,n,f
p,x,y,g,f
p,f,s,b,t
e,k,y,p,t
p,x,f,y,f
p,f,y,g,f
p,f,f,g,f
p,x,s,b,t
p,x,y,n,f
p,x,y,y,f
p,f,f,y,f
p,f,f,n,f
e,k,s,b,t
p,f,y,y,f
p,x,y,e,f
p,x,s,g,t
e,f,s,n,t
p,x,y,g,f
p,x,y,n,f
p,x,s,g,t
p,x,s,g,t
p,f,y,p,t
e,k,y,b,t
p,x,s,w,t
p,x,y,n,f
e,k,y,n,t
p,f,y,y,f
e,x,y,p,t
p,f,s,g,t
e,x,s,p,t
p,b,y,n,f
p,f,s,b,t
p,x,y,n,f
p,x,y,n,f
p,x,s,b,t
p,x,y,n,f
e,k,y,p,t
e,k,f,c,f
p,x,y,y,f
e,x,s,n,t
p,f,f,g,f
p,f,y,y,f
p,f,s,g,t
p,k,y,w,t
e,k,f,n,f
p,k,f,y,f
p,f,s,w,t
p,f,y,y,f
p,f,y,y,f
e,k,s,b,t
p,f,y,y,f
p,x,y,n,f
p,x,y,y,f
p,x,y,y,f
p,b,y,w,t
p,f,y,y,f
p,x,s,w,t
p,x,s,b,t
e,k,y,b,t
p,f,y,y,f
p,x,s,b,t
p,b,y,b,t
p,x,s,w,t
e,k,s,n,t
p,f,s,g,t
p,x,f,y,f
p,f,s,g,t
p,f,y,y,f
p,k,y,n,f
p,f,s,b,t
e,f,s,e,t
p,x,y,n,f
p,x,y,n,f
p,x,y,n,f
p,x,s,w,t
e,k,s,n,t
p,f,y,g,f
e,x,s,b,t
p,f,s,w,t
e,k,f,n,f
p,x,y,n,f
p,f,s,w,t
p,x,s,g,t
p,k,y,y,f
p,f,s,w,t
p,f,f,y,f
e,k,y,p,t
p,f,y,w,t
p,f,s,b,t
e,f,y,w,f
e,x,y,r,f
e,x,s,b,t
p,f,s,g,t
p,x,y,e,f
p,f,y,y,f
p,f,s,g,t
p,f,s,b,t
e,f,s,e,t
p,x,y,e,f
p,f,f,g,f
p,f,y,y,f
e,x,s,n,t
p,f,s,g,t
p,x,y,n,f
p,f,s,w,t
e,x,f,c,f
p,f,s,g,t
p,f,f,g,f
e,x,y,r,f
p,x,f,y,f
p,x,y,n,f
p,x,y,n,f
e,f,y,e,t
p,x,s,g,t
e,k,y,n,t
e,f,y,e,t
p,x,y,n,f
p,b,y,n,f
p,x,y,n,f
e,f,y,b,t
p,x,s,w,t
p,f,y,y,f
e,f,y,n,t
p,b,y,w,t
e,x,y,n,f
p,f,y,y,f
p,x,s,b,t
p,x,y,n,f
p,x,s,g,t
p,f,s,g,t
p,x,y,n,f
e,f,y,w,f
p,x,y,n,f
p,f,f,g,f
p,x,y,e,f
p,x,s,w,t
p,f,y,g,f
p,x,s,w,t
p,k,y,y,f
p,f,s,w,t
p,f,s,g,t
e,x,y,c,f
p,x,s,w,t
p,x,y,n,f
p,f,y,p,t
p,f,y,y,f
e,x,s,p,t
p,f,y,b,t
p,x,f,y,f
p,f,y,y,f
e,f,f,n,f
e,x,f,n,f
p,x,y,n,f
p,f,s,g,t
p,x,s,b,t
p,f,s,g,t
p,x,s,b,t
e,x,y,r,f
p,f,y,y,f
p,f,s,g,t
p,x,y,n,f
p,f,y,y,f
p,f,s,w,t
p,x,s,w,t
p,f,y,g,f
p,f,y,y,f
p,x,y,n,f
p,x,y,y,f
e,f,s,n,t
p,f,y,y,f
p,f,s,g,t
p,x,y,n,f
p,f,y,y,f
p,f,y,y,f
p,f,s,w,t
p,f,s,p,t
p,f,y,y,f
e,k,s,p,t
p,x,s,b,t
p,x,s,w,t
p,x,s,w,t
p,x,y,n,f
p,b,y,p,t
p,x,s,b,t
e,x,y,p,t
p,x,y,n,f
p,x,y,y,f
p,x,s,w,t
e,f,y,b,t
p,f,s,b,t
e,x,f,c,f
e,f,s,p,t
e,x,y,n,f
e,f,s,p,t
p,f,s,g,t
e,k,s,e,t
e,k,y,e,t
p,f,s,w,t
e,k,s,b,t
p,x,s,b,t
p,b,y,y,f
p,x,s,w,t
p,x,f,y,f
p,f,y,y,f
p,b,f,n,f
p,f,y,y,f
p,f,y,y,f
e,f,y,c,f
p,x,y,e,f
p,f,s,w,t
p,x,y,n,f
p,b,y,p,t
p,f,y,y,f
p,x,s,b,t
p,f,y,y,f
p,f,s,b,t
p,f,s,b,t
p,x,y,n,f
p,f,y,y,f
e,x,s,n,t
p,f,y,y,f
e,f,s,b,t
e,f,s,e,t
e,x,s,n,t
p,f,s,w,t
p,f,y,y,f
e,f,s,p,t
e,x,s,e,t
p,f,y,y,f
p,b,y,b,t
p,f,s,b,t
p,f,s,g,t
p,x,s,b,t
p,x,f,y,f
p,f,s,w,t
p,x,s,g,t
e,f,y,r,f
p,f,y,y,f
p,x,y,n,f
p,x,s,b,t
e,x,f,c,f
p,x,s,g,t
e,x,y,u,f
p,x,f,y,f
p,f,f,g,f
p,f,y,w,t
p,x,y,n,f
p,x,y,n,f
p,x,y,g,f
e,x,y,p,t
p,f,s,g,t
p,x,s,b,t
p,x,y,n,f
p,x,s,g,t
p,x,y,n,f
p,f,s,w,t
p,x,s,g,t
p,x,s,g,t
p,f,y,y,f
p,f,y,y,f
p,f,y,g,f
p,x,y,y,f
p,x,s,g,t
p,f,s,b,t
p,f,s,w,t
p,f,f,g,f
p,f,s,b,t
p,x,y,n,f
p,x,s,w,t
e,k,s,e,t
p,f,y,b,t
p,x,y,n,f
e,k,y,n,t
p,f,s,w,t
p,f,s,w,t
p,x,y,n,f
p,x,s,w,t
p,x,y,n,f
p,b,s,p,t
p,x,y,e,f
p,f,y,g,f
p,x,y,y,f
p,x,y,g,f
p,f,y,w,t
p,f,s,g,t
e,k,y,p,t
p,x,s,w,t
e,k,s,p,t
p,f,s,w,t
p,x,y,n,f
p,x,f,y,f
p,f,y,g,f
p,x,y,g,f
e,x,y,e,t
p,f,y,y,f
p,x,y,n,f
p,x,s,b,t
p,f,y,y,f
e,k,y,e,t
p,f,y,p,t
p,f,y,w,t
p,f,y,y,f
p,f,y,y,f
e,f,y,r,f
p,x,s,w,t
p,x,s,w,t
p,x,s,b,t
p,x,y,n,f
e,k,y,e,t
e,k,s,p,t
e,x,y,b,t
p,x,s,g,t
p,f,y,y,f
p,x,y,n,f
p,c,y,w,t
p,f,s,w,t
p,f,s,g,t
p,x,y,e,f
p,x,s,g,t
p,x,y,n,f
e,x,y,p,t
e,f,y,w,f
p,f,y,y,f
p,x,y,n,f
p,x,f,y,f
p,x,y,n,f
p,x,s,g,t
p,x,y,n,f
e,k,f,n,f
p,x,s,w,t
p,f,y,y,f
e,x,y,p,t
p,b,y,b,t
p,f,y,g,f
e,f,y,r,f
p,x,y,n,f
p,x,y,n,f
p,f,s,b,t
p,f,y,y,f
p,x,y,n,f
e,f,y,n,t
p,x,y,n,f
e,f,y,e,t
e,x,y,b,t
e,x,s,n,t
p,f,s,w,t
e,x,y,b,t
p,x,f,y,f
p,f,y,y,f
p,f,y,y,f
e,k,y,e,t
p,f,s,w,t
e,k,y,c,f
e,k,y,n,f
p,b,s,p,t
p,x,y,n,f
p,x,s,b,t
e,f,y,r,f
p,x,s,b,t
e,f,y,u,f
p,x,y,n,f
p,x,s,w,t
e,x,s,e,t
e,f,y,p,t
p,x,y,n,f
p,x,y,n,f
p,x,s,w,t
p,f,y,y,f
e,x,y,n,t
e,x,y,e,t
p,x,s,w,t
p,x,y,y,f
p,f,s,b,t
p,f,f,y,f
p,x,s,g,t
e,f,s,p,t
e,x,y,n,t
p,b,y,w,t
p,f,y,y,f
p,x,y,e,f
p,x,s,b,t
p,x,s,b,t
p,x,y,n,f
p,b,y,p,t
e,x,y,c,f
p,x,y,n,f
p,x,s,w,t
p,x,y,n,f
e,f,y,n,f
p,x,y,n,f
p,f,s,g,t
p,x,y,e,f
e,x,y,r,f
p,b,y,p,t
e,x,s,p,t
p,x,y,n,f
p,x,y,n,f
p,f,s,g,t
p,f,y,y,f
p,f,y,p,t
p,x,y,n,f
p,x,y,n,f
e,f,s,b,t
p,f,s,b,t
e,x,y,c,f
e,x,y,w,f
p,x,y,n,f
e,f,y,n,f
p,x,y,n,f
p,x,y,n,f
e,k,y,p,t
p,f,s,w,t
p,x,y,n,f
p,f,y,y,f
e,k,y,n,f
p,f,s,g,t
p,f,s,w,t
p,f,f,g,f
e,f,s,n,t
p,x,f,y,f
p,x,y,n,f
p,x,y,e,f
p,f,y,y,f
p,b,s,w,t
p,x,s,b,t
e,f,y,b,t
e,x,f,c,f
p,f,s,w,t
e,k,s,p,t
e,k,y,n,t
e,x,y,b,t
p,x,f,y,f
p,f,s,g,t
p,f,y,y,f
e,x,y,e,t
p,f,s,b,t
e,x,y,n,f
p,f,y,y,f
p,f,f,g,f
p,b,y,b,t
p,x,y,e,f
p,f,y,y,f
p,f,f,y,f
p,f,y,w,t
e,k,s,e,t
p,f,y,y,f
e,k,s,n,t
p,f,y,y,f
p,f,y,g,f
p,f,y,y,f
p,x,y,e,f
e,f,s,b,t
p,f,s,w,t
p,x,s,w,t
p,f,y,g,f
e,f,y,p,t
p,f,y,y,f
p,f,y,y,f
e,k,s,e,t
e,x,y,n,t
p,x,y,y,f
p,f,s,b,t
p,x,y,g,f
p,f,s,g,t
p,x,s,w,t
p,x,f,n,f
p,f,s,b,t
e,f,y,e,t
p,f,y,y,f
p,x,s,b,t
e,k,f,n,f
p,f,y,y,f
e,k,y,c,f
p,x,f,g,f
p,x,y,n,f
e,f,y,p,t
p,x,s,b,t
p,x,y,g,f
p,f,y,y,f
p,x,y,e,f
e,f,y,r,f
p,f,y,y,f
p,x,s,g,t
p,x,s,w,t
p,f,s,b,t
e,x,y,n,t
p,f,f,y,f
e,f,y,u,f
p,x,y,n,f
e,x,s,n,t
p,x,s,w,t
p,f,y,y,f
e,f,s,b,t
e,k,f,c,f
p,x,s,g,t
p,f,y,g,f
p,x,y,e,f
e,f,y,p,t
e,k,y,p,t
p,x,y,y,f
p,x,y,n,f
e,f,s,n,t
p,f,y,y,f
p,x,y,n,f
e,f,s,n,t
p,f,y,y,f
p,f,y,y,f
p,f,y,y,f
e,f,f,c,f
p,b,y,b,t
e,k,y,e,t
p,x,s,b,t
p,x,s,g,t
p,f,y,y,f
p,x,s,g,t
p,x,y,e,f
p,f,s,w,t
e,f,s,p,t
p,f,s,b,t
p,x,y,e,f
e,f,y,w,f
e,x,y,p,t
p,x,s,b,t
p,k,g,w,t
p,f,s,g,t
p,x,y,n,f
e,k,s,e,t
p,x,y,n,f
p,x,y,n,f
p,f,s,w,t
e,f,s,e,t
p,f,s,b,t
p,b,s,w,t
e,f,f,n,f
p,f,s,g,t
p,x,s,w,t
p,f,y,y,f
e,x,s,b,t
e,f,y,n,t
e,x,y,r,f
e,k,s,b,t
p,x,s,w,t
p,x,y,n,f
e,x,y,b,t
p,f,y,w,t
p,f,s,b,t
p,x,s,g,t
e,k,s,n,t
p,f,s,g,t
e,k,y,p,t
p,f,y,b,t
p,x,y,n,f
p,f,y,y,f
p,x,s,b,t
e,k,f,c,f
p,f,s,g,t
p,f,s,w,t
p,b,s,b,t
p,b,s,p,t
p,f,s,w,t
e,x,y,n,t
p,x,y,n,f
p,x,y,g,f
e,x,s,b,t
p,x,y,n,f
p,x,s,b,t
p,f,s,p,t
p,x,y,n,f
p,x,s,w,t
p,f,s,w,t
e,f,y,r,f
p,f,s,w,t
p,f,s,w,t
e,x,y,w,f
p,x,y,n,f
e,k,y,b,t
p,x,y,n,f
p,x,y,n,f
p,x,s,b,t
e,f,y,r,f
p,b,s,p,t
p,x,s,b,t
e,f,y,c,f
e,x,y,u,f
p,x,s,b,t
e,x,y,w,f
p,x,y,n,f
e,x,s,p,t
p,f,s,p,t
p,f,y,n,f
p,f,y,y,f
p,f,s,w,t
p,x,y,g,f
e,f,y,e,t
p,f,s,b,t
p,b,s,p,t
p,x,y,n,f
p,x,s,b,t
p,x,y,y,f
p,b,y,w,t
e,f,y,n,f
p,f,f,y,f
p,f,y,y,f
p,f,y,y,f
p,x,s,g,t
p,x,y,e,f
p,x,y,y,f
p,x,y,n,f
p,f,s,w,t
p,f,f,g,f
e,f,f,n,f
p,x,s,g,t
p,f,s,b,t
e,f,s,e,t
p,x,s,b,t
p,f,y,y,f
p,x,y,n,f
p,f,s,w,t
p,f,s,g,t
p,f,y,y,f
e,f,f,c,f
p,x,y,n,f
e,k,y,e,t
p,x,y,n,f
p,f,s,w,t
p,x,y,e,f
e,x,s,n,t
p,f,y,g,f
p,x,s,w,t
e,f,s,e,t
p,f,y,y,f
p,f,y,y,f
e,f,y,e,t
p,f,s,g,t
e,k,s,n,t
p,f,y,y,f
p,x,s,w,t
p,x,y,n,f
p,f,y,y,f
p,f,y,w,t
p,x,y,n,f
e,f,y,w,f
e,x,y,w,f
p,x,y,n,f
p,f,s,g,t
e,x,y,u,f
p,f,s,w,t
p,x,y,y,f
p,f,s,g,t
p,f,y,y,f
p,x,f,y,f
p,f,y,y,f
p,x,s,g,t
e,f,y,r,f
p,f,s,w,t
e,k,s,n,t
p,x,y,n,f
p,x,s,g,t
p,f,y,y,f
p,b,s,w,t
p,x,y,n,f
p,b,s,b,t
p,f,f,y,f
p,x,y,g,f
e,x,y,e,t
e,k,s,b,t
p,x,y,n,f
e,x,s,e,t
p,f,s,b,t
e,f,s,n,t
p,x,y,e,f
e,f,y,b,t
p,x,s,g,t
p,f,s,b,t
p,x,y,n,f
p,x,y,e,f
p,f,y,y,f
p,x,y,n,f
p,x,y,n,f
p,f,s,g,t
e,x,y,p,t
e,x,y,u,f
p,f,y,y,f
p,x,s,g,t
p,x,y,n,f
p,f,s,g,t
p,x,s,b,t
p,x,f,y,f
p,b,s,w,t
e,k,y,n,t
p,x,y,e,f
p,f,y,y,f
e,x,y,b,t
p,x,s,b,t
p,f,s,g,t
p,f,s,b,t
p,f,y,y,f
p,x,y,n,f
p,f,s,w,t
e,k,y,n,t
e,x,s,e,t
e,x,y,w,f
p,f,s,b,t
p,f,s,g,t
e,f,s,e,t
p,f,y,y,f
p,x,y,n,f
p,f,s,w,t
p,f,y,g,f
e,x,f,n,f
p,f,y,y,f
p,x,s,w,t
e,x,s,b,t
e,x,s,p,t
p,x,s,g,t
p,f,f,g,f
p,x,s,w,t
p,x,f,y,f
p,f,s,w,t
e,k,y,n,t
e,x,y,p,t
p,f,y,y,f
e,f,y,b,t
e,x,s,e,t
p,x,s,g,t
p,f,s,b,t
p,f,y,y,f
p,x,s,b,t
p,f,s,w,t
p,f,y,y,f
p,f,y,y,f
p,f,y,g,f
p,f,f,g,f
p,b,s,p,t
p,x,y,n,f
p,b,s,w,t
e,x,y,n,t
p,x,y,n,f
p,x,y,n,f
p,x,y,n,f
p,f,s,b,t
p,b,y,y,f
p,x,s,g,t
e,f,y,p,t
e,k,s,p,t
e,f,y,n,t
p,b,y,p,t
p,x,s,g,t
p,x,s,g,t
p,x,f,y,f
p,x,y,n,f
p,f,y,b,t
p,x,s,b,t
p,b,s,b,t
e,f,y,w,f
e,x,y,n,f
p,x,f,y,f
p,f,s,b,t
p,f,y,y,f
e,k,s,e,t
p,f,f,y,f
p,b,f,n,f
p,x,y,n,f
p,f,y,y,f
p,x,y,y,f
p,x,s,g,t
p,x,y,n,f
e,x,y,n,t
e,f,y,n,f
p,f,y,b,t
p,k,f,n,f
p,f,y,g,f
p,x,y,n,f
p,f,f,g,f
p,f,f,g,f
p,x,s,g,t
e,x,y,r,f
p,x,y,n,f
p,f,s,p,t
p,x,y,e,f
p,f,s,b,t
p,x,s,b,t
e,k,s,e,t
p,f,s,b,t
e,x,f,n,f
p,f,y,y,f
e,f,y,w,f
p,f,s,w,t
p,f,s,p,t
p,f,y,y,f
p,f,s,g,t
p,x,y,n,f
p,f,y,y,f
p,f,s,g,t
p,f,s,w,t
p,x,y,n,f
p,f,f,y,f
p,x,y,n,f
p,b,y,b,t
p,f,y,y,f
p,x,y,e,f
p,x,y,n,f
e,k,y,b,t
e,x,y,w,f
p,f,s,b,t
p,f,y,y,f
p,x,y,e,f
p,f,s,e,f
p,x,y,e,f
p,x,s,n,f
p,f,y,n,f
p,f,y,e,f
p,k,y,n,f
p,f,y,e,f
p,x,s,e,f
p,f,y,n,f
p,f,y,e,f
p,x,s,e,f
p,x,s,n,f
p,f,s,e,f
p,f,s,e,f
p,f,y,e,f
p,f,y,n,f
p,f,y,n,f
p,x,y,e,f
p,k,s,n,f
p,x,s,n,f
p,f,s,e,f
p,f,y,e,f
p,k,s,e,f
p,f,y,e,f
p,x,s,n,f
p,f,s,e,f
p,f,s,n,f
p,f,y,e,f
p,f,s,e,f
p,f,s,n,f
p,f,y,e,f
p,x,s,e,f
p,f,s,e,f
p,x,s,n,f
p,f,y,n,f
p,x,y,e,f
p,f,y,n,f
e,b,s,n,f
p,f,s,n,f
e,x,s,n,f
p,f,y,e,f
p,f,y,n,f
p,f,y,e,f
p,f,s,n,f
p,x,y,e,f
p,x,s,n,f
p,f,s,n,f
p,f,y,e,f
p,f,s,n,f
p,f,s,n,f
p,f,s,n,f
p,f,y,e,f
p,f,s,e,f
p,x,y,e,f
p,x,s,e,f
p,f,s,e,f
p,f,y,n,f
p,x,y,e,f
p,k,s,e,f
p,k,s,n,f
p,f,y,n,f
p,x,s,e,f
p,x,y,e,f
p,f,y,e,f
p,f,y,n,f
p,f,s,e,f
p,x,s,n,f
e,x,f,w,f
p,f,y,n,f
p,x,s,n,f
p,x,s,e,f
p,f,s,n,f
p,f,s,n,f
p,x,y,e,f
p,x,s,e,f
p,f,s,n,f
p,k,s,n,f
p,f,y,n,f
p,x,s,n,f
p,f,y,e,f
p,x,s,e,f
p,f,s,n,f
p,f,y,n,f
p,k,y,n,f
p,f,y,n,f
p,f,s,n,f
p,x,s,e,f
p,f,s,n,f
p,f,s,n,f
p,f,s,e,f
p,f,y,n,f
p,f,s,n,f
p,f,y,n,f
p,f,s,e,f
p,f,s,e,f
p,x,y,e,f
p,f,s,n,f
p,x,y,e,f
p,f,y,e,f
p,x,s,n,f
p,f,y,n,f
p,f,y,e,f
p,x,y,e,f
p,f,y,n,f
p,f,y,n,f
p,x,y,e,f
p,f,y,n,f
p,f,s,n,f
p,x,s,n,f
p,f,y,e,f
p,x,y,e,f
p,x,s,e,f
p,f,s,e,f
p,f,y,e,f
p,x,y,e,f
p,x,y,e,f
p,x,s,n,f
p,x,s,e,f
p,k,s,e,f
e,x,s,c,t
p,x,s,e,f
p,f,s,n,f
p,x,s,n,f
p,f,y,n,f
p,f,y,e,f
p,f,s,e,f
p,x,y,e,f
p,x,s,e,f
p,x,s,n,f
p,x,y,e,f
p,f,s,e,f
p,f,s,n,f
p,f,y,e,f
p,x,y,e,f
p,k,s,e,f
p,f,y,n,f
p,f,s,n,f
p,x,s,e,f
p,f,s,n,f
p,f,s,e,f
p,f,y,e,f
e,b,f,w,f
p,x,y,e,f
p,x,y,e,f
p,f,y,e,f
p,f,y,e,f
e,k,f,w,f
p,x,s,n,f
p,f,s,n,f
p,x,s,n,f
p,f,s,e,f
p,x,s,n,f
p,x,s,n,f
p,x,s,e,f
p,k,s,n,f
p,x,y,e,f
p,x,s,e,f
p,x,y,e,f
p,x,s,e,f
p,x,s,e,f
p,x,s,e,f
p,x,s,e,f
p,f,y,e,f
p,x,s,n,f
p,f,s,n,f
p,x,s,e,f
p,f,s,e,f
p,x,s,n,f
p,f,y,e,f
p,x,s,n,f
p,k,s,n,f
p,f,s,e,f
p,f,s,e,f
p,f,y,e,f
p,k,s,n,f
p,f,y,n,f
p,f,s,e,f
p,x,y,e,f
p,f,s,e,f
p,f,y,e,f
p,f,s,n,f
p,f,s,n,f
p,x,y,e,f
p,x,y,e,f
p,f,s,e,f
p,k,y,e,f
p,f,y,e,f
p,k,y,n,f
p,x,s,e,f
p,x,y,e,f
p,x,s,n,f
p,f,y,n,f
p,x,s,e,f
e,b,s,g,f
p,x,y,e,f
p,x,s,e,f
p,f,y,e,f
p,x,s,e,f
p,f,y,e,f
p,f,y,e,f
p,x,s,n,f
p,f,y,n,f
e,k,s,w,f
p,f,y,e,f
p,x,s,e,f
p,f,y,n,f
p,f,y,n,f
p,x,s,e,f
p,f,y,e,f
p,f,y,e,f
p,f,s,n,f
p,x,y,e,f
p,f,y,e,f
e,b,f,g,f
p,k,y,e,f
p,x,y,e,f
p,k,s,e,f
p,x,s,n,f
e,k,s,w,f
p,f,s,e,f
p,x,s,n,f
p,k,s,e,f
p,k,y,n,f
p,k,y,e,f
p,x,s,e,f
p,f,s,e,f
p,f,y,e,f
p,x,y,e,f
p,f,y,n,f
p,x,y,e,f
p,f,y,n,f
p,x,y,e,f
p,k,y,n,f
p,f,s,e,f
p,x,s,n,f
p,f,y,n,f
p,f,s,e,f
p,x,s,e,f
p,f,s,n,f
p,f,y,n,f
p,x,y,e,f
p,x,s,e,f
p,f,y,e,f
p,f,s,e,f
p,f,y,e,f
p,x,s,n,f
p,f,s,n,f
p,x,s,n,f
p,f,y,n,f
p,k,y,n,f
p,x,s,e,f
p,f,y,n,f
p,x,y,e,f
p,f,y,e,f
p,x,y,e,f
p,f,y,e,f
p,f,y,e,f
p,f,s,e,f
p,k,y,e,f
p,x,s,e,f
e,k,s,g,f
p,x,s,n,f
p,f,s,e,f
p,f,s,n,f
p,f,s,e,f
p,f,y,n,f
p,x,s,e,f
p,x,s,e,f
p,x,s,e,f
p,x,s,e,f
p,f,s,e,f
p,x,s,e,f
p,x,s,n,f
p,f,s,n,f
p,k,y,n,f
p,x,y,e,f
p,x,s,n,f
p,x,s,e,f
e,b,s,w,f
p,f,s,e,f
p,x,s,e,f
p,x,y,e,f
p,f,y,n,f
p,f,s,e,f
p,f,y,n,f
p,f,y,e,f
p,f,s,n,f
p,x,y,e,f
p,f,s,n,f
p,x,s,n,f
p,f,s,e,f
p,x,s,n,f
p,f,s,e,f
p,x,y,e,f
p,f,y,n,f
p,x,y,e,f
p,f,s,n,f
p,f,s,n,f
p,x,s,n,f
p,f,s,e,f
p,k,y,n,f
p,x,y,e,f
p,x,y,e,f
p,k,s,n,f
p,x,s,e,f
p,x,s,e,f
p,f,y,n,f
p,f,s,e,f
p,f,s,e,f
p,f,s,n,f
p,f,y,e,f
p,f,y,e,f
p,k,s,e,f
p,x,s,n,f
p,f,y,n,f
p,f,s,e,f
p,k,s,n,f
p,f,y,n,f
p,x,y,e,f
p,x,y,e,f
p,x,s,e,f
p,f,y,n,f
p,f,y,n,f
p,f,y,e,f
p,k,y,n,f
p,x,s,n,f
p,x,s,e,f
p,x,s,n,f
p,f,y,e,f
p,k,y,e,f
e,x,f,g,f
p,f,y,e,f
p,x,s,e,f
p,x,s,e,f
p,x,y,e,f
p,f,y,n,f
p,f,y,n,f
p,x,s,n,f
p,x,s,e,f
p,f,y,e,f
p,f,s,n,f
p,f,y,n,f
p,f,y,n,f
p,x,y,e,f
p,x,s,e,f
p,f,s,n,f
p,f,s,n,f
p,x,s,e,f
p,f,s,n,f
p,f,s,n,f
p,f,y,n,f
p,x,s,n,f
p,f,s,n,f
p,f,s,n,f
p,x,s,n,f
p,f,y,n,f
p,x,s,n,f
p,x,s,n,f
p,f,s,n,f
p,f,y,n,f
p,x,y,e,f
p,f,s,e,f
p,f,y,n,f
p,f,s,e,f
p,x,s,n,f
e,k,f,w,f
p,x,s,n,f
p,f,s,n,f
p,f,y,n,f
p,f,s,n,f
p,f,y,n,f
p,f,y,n,f
p,f,s,n,f
p,f,y,e,f
e,b,s,n,f
p,f,s,e,f
p,f,s,e,f
p,x,s,e,f
p,f,y,n,f
p,f,y,e,f
p,f,s,n,f
p,f,y,e,f
p,f,s,n,f
p,k,y,n,f
p,f,y,e,f
p,f,s,e,f
p,x,y,e,f
p,f,s,n,f
p,x,s,e,f
p,k,y,n,f
p,x,s,n,f
p,x,y,e,f
p,f,y,n,f
p,f,s,e,f
p,f,s,n,f
e,x,s,w,f
p,f,y,n,f
p,f,s,n,f
p,x,y,e,f
p,f,s,e,f
p,x,s,n,f
p,x,y,e,f
e,k,f,g,f
p,f,s,e,f
p,f,y,e,f
e,b,f,w,f
p,f,s,n,f
p,x,y,e,f
p,x,y,e,f
p,f,s,n,f
p,x,s,n,f
p,f,s,e,f
p,f,s,e,f
p,f,s,e,f
p,x,y,e,f
p,f,y,n,f
p,f,y,e,f
p,x,s,e,f
p,f,s,e,f
p,f,y,e,f
p,f,y,e,f
p,x,s,e,f
p,f,s,e,f
e,x,s,n,f
p,f,y,n,f
p,f,y,e,f
p,f,y,e,f
p,x,s,n,f
p,x,s,e,f
p,x,y,e,f
p,x,s,e,f
p,x,y,e,f
p,f,y,e,f
e,x,s,n,f
p,f,s,n,f
p,x,y,e,f
p,f,s,n,f
p,f,y,e,f
p,x,y,e,f
p,x,s,n,f
p,x,s,n,f
p,x,s,n,f
p,x,y,e,f
p,f,s,n,f
p,f,s,n,f
p,k,y,e,f
p,x,s,n,f
p,f,y,n,f
e,k,s,w,f
p,f,s,e,f
p,x,s,e,f
p,f,y,n,f
p,f,y,n,f
p,f,y,e,f
p,x,s,n,f
p,f,y,n,f
p,x,s,n,f
p,k,y,n,f
p,f,s,e,f
p,f,y,e,f
p,f,y,e,f
p,f,y,e,f
p,f,y,n,f
p,f,y,n,f
p,k,y,n,f
p,k,y,n,f
p,f,s,e,f
p,x,s,e,f
p,k,s,n,f
p,x,s,e,f
p,f,s,n,f
p,x,s,e,f
p,f,s,n,f
p,x,s,n,f
p,f,y,e,f
p,x,s,n,f
p,x,s,e,f
p,x,s,e,f
p,x,s,n,f
p,x,y,e,f
p,f,y,e,f
p,f,s,e,f
p,x,s,e,f
p,f,y,e,f
p,f,s,e,f
p,f,s,e,f
p,f,y,n,f
p,f,s,n,f
p,x,s,e,f
p,f,y,n,f
p,f,s,n,f
p,f,y,n,f
p,f,s,e,f
p,f,y,e,f
p,f,y,n,f
p,f,s,e,f
p,f,s,e,f
p,f,y,n,f
p,f,s,e,f
p,f,s,n,f
p,k,y,e,f
p,f,y,e,f
p,f,s,e,f
p,f,y,e,f
p,f,y,n,f
p,f,y,e,f
p,f,s,n,f
p,x,y,e,f
e,x,f,w,f
p,x,s,e,f
p,x,s,e,f
p,f,y,n,f
p,x,s,e,f
p,x,s,n,f
p,x,s,n,f
p,x,s,n,f
e,x,f,g,f
p,f,y,e,f
p,f,y,e,f
p,x,y,e,f
p,x,s,n,f
p,k,s,e,f
p,k,y,e,f
p,f,y,e,f
p,x,s,n,f
p,f,s,n,f
p,x,s,e,f
p,f,y,n,f
p,x,s,n,f
e,k,f,w,f
p,k,y,n,f
p,f,s,e,f
p,x,y,e,f
p,x,s,n,f
p,x,s,n,f
p,f,y,e,f
p,f,y,n,f
p,x,y,e,f
p,f,s,e,f
p,x,s,e,f
p,x,s,n,f
p,f,y,n,f
p,f,y,e,f
p,f,y,n,f
p,f,y,n,f
p,f,s,n,f
p,f,y,e,f
p,f,y,e,f
p,x,y,e,f
p,k,s,e,f
p,f,y,e,f
p,f,y,n,f
p,f,s,n,f
p,f,s,e,f
p,k,s,e,f
p,f,y,e,f
p,f,s,n,f
e,x,s,n,f
p,x,s,n,f
p,k,s,n,f
p,f,s,n,f
p,f,s,n,f
p,x,s,n,f
p,f,s,n,f
p,f,y,e,f
p,f,y,e,f
p,f,s,n,f
p,x,s,e,f
p,x,s,n,f
p,x,s,e,f
p,x,s,e,f
p,f,y,e,f
p,x,s,e,f
p,k,s,e,f
p,x,y,e,f
p,f,s,n,f
p,f,s,n,f
p,x,s,n,f
p,k,y,e,f
p,x,s,e,f
p,f,y,n,f
p,f,y,e,f
p,f,y,n,f
p,f,s,n,f
p,f,s,e,f
p,k,y,n,f
p,f,y,e,f
p,f,s,e,f
p,f,s,n,f
p,x,s,n,f
p,f,y,n,f
p,f,y,e,f
p,x,y,e,f
p,f,s,e,f
p,x,s,n,f
p,f,s,n,f
p,f,s,n,f
p,f,s,e,f
e,x,s,g,f
p,k,y,n,f
p,x,y,e,f
p,x,s,n,f
p,x,s,n,f
p,f,y,e,f
p,k,y,n,f
p,x,s,e,f
p,x,s,n,f
p,k,y,n,f
p,x,y,e,f
p,k,s,n,f
p,x,s,n,f
p,x,y,e,f
p,f,s,e,f
p,f,s,n,f
p,f,s,n,f
p,f,s,e,f
p,x,y,e,f
p,x,s,e,f
p,f,s,n,f
p,f,y,e,f
p,x,s,n,f
p,x,s,e,f
p,x,s,e,f
p,f,s,e,f
p,x,y,e,f
p,x,s,n,f
p,x,s,e,f
p,x,s,e,f
p,x,s,n,f
p,x,s,n,f
p,f,s,e,f
p,f,y,e,f
p,x,s,n,f
p,x,s,e,f
p,f,s,n,f
p,x,s,n,f
p,f,s,e,f
p,k,y,n,f
p,x,s,n,f
p,f,y,n,f
p,k,y,n,f
p,f,s,e,f
p,f,s,n,f
p,x,s,e,f
p,x,s,n,f
p,f,y,n,f
p,f,y,n,f
p,x,s,e,f
p,f,y,n,f
p,x,y,e,f
p,f,y,n,f
p,f,y,e,f
p,x,y,e,f
p,f,s,e,f
p,k,s,n,f
p,x,y,e,f
p,x,s,n,f
p,f,s,e,f
p,f,s,e,f
e,b,f,g,f
p,x,s,n,f
p,k,s,n,f
e,b,s,n,f
p,f,s,n,f
p,f,y,n,f
p,x,y,e,f
p,x,s,e,f
p,k,y,c,f
p,x,s,e,f
p,f,s,n,f
p,x,s,n,f
p,x,y,e,f
p,x,s,e,f
p,f,s,e,f
p,f,s,n,f
p,f,s,n,f
p,f,y,e,f
p,x,s,e,f
p,f,y,e,f
p,f,y,n,f
p,x,y,e,f
p,f,y,e,f
p,f,s,e,f
p,f,s,e,f
p,x,s,e,f
p,x,s,e,f
p,k,y,e,f
p,x,y,e,f
p,x,s,e,f
p,x,s,n,f
p,x,s,n,f
p,f,s,n,f
p,f,y,n,f
p,x,s,e,f
p,k,s,n,f
p,f,s,n,f
p,f,y,n,f
p,f,y,e,f
p,f,y,e,f
p,f,y,n,f
p,x,s,e,f
p,f,y,n,f
p,f,s,n,f
p,f,s,e,f
p,x,s,n,f
p,f,y,e,f
p,k,y,n,f
p,f,s,n,f
p,f,y,n,f
p,f,s,e,f
p,x,s,n,f
p,f,s,e,f
p,x,s,e,f
p,f,y,e,f
p,x,s,e,f
p,f,s,e,f
p,f,s,n,f
p,x,s,n,f
p,x,s,e,f
p,f,s,e,f
p,x,s,e,f
p,x,s,n,f
p,f,s,e,f
p,x,y,e,f
p,x,s,n,f
p,x,y,e,f
p,f,s,e,f
p,x,s,e,f
p,f,y,n,f
p,x,s,e,f
p,x,s,n,f
p,f,s,e,f
p,x,s,e,f
p,f,s,n,f
p,x,y,e,f
p,f,y,e,f
p,x,y,e,f
p,k,y,n,f
p,f,y,n,f
p,x,y,e,f
p,f,s,n,f
p,x,s,e,f
p,f,s,e,f
e,x,f,g,f
p,x,s,e,f
p,f,s,n,f
p,f,s,n,f
p,x,s,e,f
p,x,s,e,f
p,x,s,e,f
p,f,y,e,f
e,b,f,g,f
p,f,y,n,f
p,f,y,e,f
p,f,y,n,f
p,f,s,n,f
p,f,y,n,f
p,x,y,e,f
p,f,y,n,f
p,x,s,n,f
p,f,y,e,f
e,k,f,g,f
e,b,s,n,f
p,f,s,n,f
p,x,s,n,f
p,f,y,n,f
p,f,s,e,f
p,f,y,n,f
p,f,s,n,f
p,f,y,e,f
p,f,y,e,f
p,f,s,n,f
p,x,s,e,f
e,x,f,w,f
p,f,s,n,f
p,x,s,e,f
p,x,s,n,f
p,x,s,n,f
p,x,s,n,f
p,k,y,n,f
p,f,s,n,f
p,x,y,e,f
p,f,s,n,f
p,f,s,n,f
p,x,s,n,f
p,x,s,n,f
p,x,y,e,f
p,f,s,e,f
p,f,s,e,f
p,f,y,n,f
p,x,s,e,f
p,f,s,e,f
p,f,y,e,f
p,f,y,e,f
p,x,y,e,f
p,f,y,n,f
p,f,s,n,f
p,f,s,n,f
p,k,y,e,f
p,f,s,e,f
p,x,s,e,f
p,x,y,e,f
p,f,y,e,f
p,x,y,e,f
p,f,y,e,f
p,f,y,n,f
p,f,y,e,f
p,x,y,e,f
p,x,s,e,f
p,f,s,e,f
p,f,s,e,f
p,x,s,e,f
p,f,s,e,f
p,f,s,e,f
p,f,s,n,f
p,f,y,e,f
p,f,y,n,f
p,k,s,e,f
p,f,s,n,f
p,f,y,n,f
p,f,s,e,f
p,f,y,e,f
p,x,s,n,f
p,k,y,n,f
p,x,y,e,f
p,x,s,e,f
e,x,s,g,f
p,k,y,n,f
p,x,s,n,f
p,f,s,n,f
p,f,s,n,f
p,x,s,e,f
p,f,s,e,f
p,f,y,e,f
p,f,y,e,f
p,f,s,n,f
p,f,s,e,f
p,x,s,n,f
p,f,s,e,f
p,x,s,e,f
p,f,s,e,f
p,f,y,e,f
p,k,y,e,f
p,f,s,n,f
p,k,y,e,f
p,f,s,e,f
p,f,y,e,f
p,f,s,e,f
e,b,s,n,f
p,x,s,n,f
p,f,y,e,f
p,f,y,n,f
p,f,s,e,f
p,f,y,n,f
p,k,y,n,f
p,x,s,e,f
p,f,s,e,f
p,k,y,n,f
p,f,s,e,f
e,k,s,w,f
p,f,y,n,f
p,f,y,n,f
p,f,y,n,f
p,f,s,n,f
p,f,s,n,f
p,f,y,e,f
p,x,s,e,f
p,f,y,n,f
p,x,s,n,f
p,x,s,e,f
p,x,s,e,f
p,f,y,e,f
p,x,s,n,f
p,x,s,e,f
p,f,s,n,f
p,x,s,n,f
p,f,y,e,f
p,x,s,n,f
p,f,y,e,f
p,f,s,e,f
p,f,y,n,f
p,f,y,n,f
p,x,y,e,f
e,k,f,g,f
p,x,s,e,f
p,k,y,n,f
p,k,y,n,f
p,x,y,e,f
p,f,s,e,f
p,f,s,n,f
p,f,s,e,f
p,x,s,e,f
p,f,s,n,f
p,f,y,e,f
p,x,s,n,f
p,x,y,e,f
p,f,s,e,f
p,x,s,n,f
p,f,s,n,f
e,x,s,n,f
p,k,s,n,f
p,f,s,n,f
p,k,y,e,f
e,x,y,c,t
e,b,s,n,f
e,k,s,g,f
e,x,f,g,f
p,x,s,n,f
p,k,y,e,f
e,x,s,n,f
p,k,s,e,f
p,b,y,y,f
p,x,s,e,f
e,b,s,g,f
p,k,y,e,f
p,k,s,e,f
p,f,s,e,f
p,f,y,n,f
p,f,s,e,f
e,k,f,g,f
p,k,s,n,f
p,k,s,e,f
p,f,s,e,f
e,b,f,g,f
p,f,y,n,f
p,f,s,n,f
e,f,s,n,f
e,x,y,p,t
p,f,s,n,f
p,k,y,e,f
p,f,s,n,f
e,b,s,w,f
p,x,y,e,f
p,f,y,e,f
p,f,s,e,f
p,k,y,n,f
e,x,f,w,f
e,b,s,w,f
p,k,s,e,f
p,f,y,n,f
e,f,y,n,t
p,k,s,n,f
p,k,s,n,f
p,f,y,n,f
p,f,y,e,f
p,x,s,e,f
p,k,y,e,f
p,x,s,n,f
p,k,s,e,f
p,k,y,n,f
p,f,y,e,f
e,x,f,w,f
p,k,s,n,f
p,f,s,n,f
p,k,s,e,f
p,k,s,e,f
p,k,y,n,f
e,k,f,w,f
p,k,s,n,f
p,k,y,n,f
p,k,s,n,f
p,k,s,e,f
p,x,s,n,f
p,x,y,e,f
p,f,s,e,f
p,k,y,n,f
e,b,s,n,f
p,f,s,n,f
p,k,y,e,f
e,x,s,n,f
p,f,s,n,f
p,k,s,n,f
p,f,y,n,f
p,x,s,n,f
e,k,f,w,f
p,f,y,e,f
p,x,s,e,f
p,x,s,n,f
p,f,s,n,f
p,k,s,n,f
p,k,s,e,f
p,k,s,e,f
p,x,s,e,f
e,b,s,n,f
p,k,s,e,f
p,x,s,n,f
p,x,y,e,f
p,f,s,e,f
e,b,s,n,f
e,k,s,g,f
p,k,y,e,f
p,k,y,e,f
p,f,s,e,f
e,k,s,n,f
p,f,y,e,f
p,k,y,e,f
e,k,f,w,f
e,x,s,g,f
e,k,s,n,f
p,k,y,e,f
p,k,y,n,f
p,k,s,e,f
e,x,s,w,f
e,k,s,w,f
e,k,s,w,f
p,k,s,e,f
p,x,s,e,f
e,k,s,g,f
e,x,f,w,f
p,k,y,e,f
e,b,s,w,f
p,k,s,e,f
p,f,s,n,f
p,f,y,n,f
e,k,s,g,f
e,x,s,w,f
p,f,y,e,f
p,x,s,e,f
e,x,f,w,f
e,k,f,w,f
p,f,s,e,f
e,f,s,g,t
p,k,s,e,f
p,x,s,n,f
e,k,s,n,f
e,x,s,n,f
p,k,y,e,f
p,x,s,e,f
p,x,s,n,f
p,k,s,e,f
p,x,s,n,f
e,k,f,w,f
e,k,s,n,f
p,k,y,c,f
e,x,f,g,f
e,x,s,n,f
e,x,s,n,f
p,k,y,e,f
e,k,f,w,f
e,x,f,g,f
e,f,s,n,f
p,k,y,n,f
p,k,y,n,f
p,f,y,n,f
p,f,y,e,f
e,k,f,g,f
p,f,y,e,f
p,f,y,n,f
p,k,s,e,f
e,k,s,g,f
e,b,s,n,f
p,k,y,n,f
p,x,s,n,f
e,b,s,n,f
p,k,s,n,f
p,k,s,n,f
p,k,s,e,f
p,f,s,e,f
p,x,s,e,f
p,x,s,e,f
p,x,s,n,f
p,k,y,n,f
e,x,s,p,t
p,f,s,e,f
p,x,y,n,f
p,k,s,n,f
e,k,s,g,f
p,k,s,n,f
p,f,y,n,f
p,k,s,n,f
p,k,y,e,f
p,f,y,e,f
e,f,s,c,t
p,f,y,n,f
p,k,s,e,f
p,x,s,e,f
p,f,y,e,f
p,x,s,n,f
e,f,s,n,f
p,f,s,e,f
p,x,y,e,f
p,x,y,e,f
p,x,s,e,f
p,k,s,e,f
p,x,s,e,f
e,b,f,g,f
p,k,y,e,f
p,k,s,e,f
e,k,f,g,f
e,f,s,n,f
p,f,y,n,f
p,k,s,e,f
p,f,s,n,f
p,k,y,n,f
p,k,s,e,f
p,k,y,n,f
p,k,y,n,f
e,x,f,g,f
p,k,y,e,f
p,x,y,c,f
p,k,y,e,f
p,k,y,e,f
e,b,s,w,f
p,k,s,n,f
p,x,s,e,f
p,f,y,n,f
p,f,s,e,f
p,k,y,e,f
p,k,y,e,f
e,b,f,w,f
p,k,y,n,f
p,f,y,e,f
p,k,s,n,f
p,k,y,n,f
p,x,s,e,f
e,x,y,g,t
p,f,s,n,f
p,k,y,e,f
e,k,f,w,f
p,x,s,n,f
p,k,y,n,f
p,x,s,e,f
e,k,s,w,f
p,f,y,n,f
p,k,s,e,f
p,k,s,e,f
p,f,y,e,f
e,f,s,n,f
p,f,y,n,f
p,k,y,e,f
p,k,s,e,f
p,k,s,e,f
e,b,s,n,f
e,k,s,g,f
e,x,s,n,f
e,x,f,g,f
p,k,s,e,f
p,f,y,e,f
p,k,s,n,f
p,k,s,n,f
e,b,s,w,f
p,f,s,n,f
e,b,f,g,f
p,x,s,n,f
p,x,y,e,f
p,f,y,c,f
p,f,s,n,f
p,x,y,e,f
p,f,s,n,f
p,f,y,e,f
p,f,s,e,f
p,x,s,e,f
e,k,s,g,f
p,x,s,e,f
p,k,s,n,f
p,k,y,e,f
p,x,s,n,f
e,b,s,g,f
p,x,s,n,f
p,f,s,e,f
p,k,s,n,f
e,b,s,g,f
p,x,s,n,f
p,f,y,e,f
p,f,s,e,f
p,f,y,n,f
e,b,f,g,f
p,f,s,e,f
p,k,s,n,f
e,k,s,g,f
p,k,y,n,f
p,x,s,e,f
e,b,s,n,f
p,k,y,n,f
p,f,y,n,f
e,x,s,n,f
p,k,s,n,f
p,k,s,n,f
p,k,s,n,f
p,k,s,n,f
e,f,y,c,t
e,f,s,n,f
e,b,s,w,f
p,k,s,e,f
e,b,s,g,f
p,k,y,e,f
p,k,y,n,f
e,x,s,n,f
p,x,s,e,f
p,x,s,n,f
p,f,s,e,f
p,f,y,e,f
p,x,y,e,f
p,k,s,e,f
e,k,y,n,f
p,f,s,e,f
p,k,s,n,f
p,f,y,n,f
p,f,s,e,f
e,k,f,g,f
p,k,s,n,f
e,b,f,w,f
p,k,s,e,f
e,x,s,g,f
e,k,s,n,f
p,k,s,e,f
p,k,y,n,f
e,k,f,g,f
p,x,s,n,f
p,k,y,n,f
e,x,f,w,f
p,k,y,e,f
p,k,s,e,f
p,k,s,e,f
p,k,y,e,f
p,k,y,n,f
e,k,s,g,f
p,k,y,n,f
p,k,s,e,f
e,x,s,g,f
e,f,s,n,f
e,k,s,g,f
p,x,s,e,f
p,k,s,n,f
p,k,s,n,f
e,x,s,g,f
p,k,y,e,f
e,f,s,n,f
e,k,s,w,f
p,f,y,e,f
e,b,s,g,f
p,f,y,n,f
e,b,s,n,f
e,b,s,g,f
e,k,s,n,f
e,b,s,g,f
p,k,s,n,f
p,k,y,n,f
e,f,s,n,f
p,k,s,e,f
p,f,s,e,f
p,k,s,n,f
p,k,s,n,f
e,b,s,n,f
e,k,f,g,f
e,b,s,n,f
p,k,s,n,f
p,k,y,e,f
p,k,y,e,f
p,k,s,n,f
e,f,s,n,f
p,k,s,e,f
e,x,s,n,f
p,k,s,n,f
e,k,s,w,f
p,k,y,e,f
p,k,y,n,f
e,k,f,g,f
p,f,s,n,f
e,x,s,g,f
p,k,y,n,f
p,f,s,e,f
e,x,f,w,f
p,k,y,n,f
p,f,y,n,f
e,b,f,g,f
p,k,y,e,f
p,x,y,e,f
p,k,s,e,f
e,k,f,g,f
e,k,f,w,f
p,k,y,e,f
e,k,s,g,f
p,k,s,n,f
p,k,y,n,f
e,k,s,w,f
p,k,y,e,f
e,b,s,w,f
p,k,s,n,f
e,x,s,w,f
e,b,s,n,f
p,k,s,n,f
p,k,y,e,f
e,x,f,w,f
p,x,y,e,f
p,k,s,e,f
p,k,s,n,f
p,k,y,n,f
p,k,s,e,f
e,k,s,n,f
p,k,y,n,f
e,f,y,n,f
e,k,s,g,f
p,f,y,e,f
p,k,y,y,f
p,k,y,e,f
p,k,s,e,f
p,k,y,e,f
e,b,s,n,f
e,x,s,g,t
e,k,s,g,f
p,f,y,e,f
p,k,s,e,f
p,k,y,e,f
e,b,f,w,f
e,f,s,n,f
p,k,s,n,f
p,k,s,e,f
e,x,f,w,f
p,k,y,e,f
e,x,f,w,f
p,k,y,e,f
p,k,y,n,f
e,x,s,g,f
e,x,s,w,f
p,k,y,n,f
p,k,s,n,f
p,k,s,e,f
e,b,f,w,f
p,f,s,n,f
p,k,s,e,f
p,k,s,n,f
p,x,y,n,f
p,k,y,n,f
e,f,s,n,f
p,x,y,e,f
e,f,s,n,f
e,b,s,w,f
e,b,s,g,f
p,k,y,e,f
p,k,s,n,f
p,k,s,e,f
p,k,s,e,f
e,b,f,w,f
e,k,s,g,f
p,f,y,e,f
p,k,y,n,f
p,k,y,n,f
p,f,s,e,f
p,x,s,n,f
p,k,y,n,f
p,k,y,c,f
p,k,y,n,f
e,k,s,w,f
p,f,y,n,f
e,b,f,g,f
p,f,s,e,f
p,k,s,e,f
e,k,s,g,f
e,x,s,g,f
p,k,s,e,f
e,k,s,n,f
e,f,y,p,t
e,b,s,w,f
p,f,y,n,f
p,f,s,e,f
p,k,s,e,f
e,k,f,g,f
e,x,f,w,f
e,x,s,c,t
e,k,f,g,f
p,k,s,e,f
p,k,y,e,f
p,k,s,n,f
p,x,y,e,f
e,k,s,n,f
p,f,y,y,f
p,x,y,c,f
p,x,s,n,f
e,x,y,p,t
p,k,y,n,f
e,k,s,g,f
e,b,s,g,f
p,k,s,e,f
e,x,s,n,f
e,b,s,n,f
e,f,s,n,t
e,k,s,g,f
p,f,s,n,f
p,k,s,n,f
p,f,y,n,f
p,k,y,e,f
p,k,s,n,f
p,k,s,e,f
e,b,s,w,f
p,k,y,n,f
p,k,y,e,f
e,k,s,n,f
p,k,s,e,f
e,b,s,w,f
e,x,s,g,f
p,k,s,n,f
p,k,y,n,f
p,k,s,n,f
p,k,y,e,f
p,k,s,e,f
p,k,y,n,f
e,b,s,g,f
p,k,y,e,f
e,b,f,w,f
p,c,y,y,f
p,x,s,n,f
p,k,y,e,f
e,x,s,g,f
e,b,s,n,f
p,k,y,e,f
e,b,s,n,f
p,k,y,e,f
p,k,y,e,f
p,k,s,e,f
e,b,s,g,f
e,k,s,n,f
e,b,s,n,f
p,x,s,n,f
e,x,s,g,t
e,x,f,g,f
p,k,s,n,f
e,k,f,g,f
p,k,s,n,f
p,k,y,e,f
p,k,y,n,f
e,f,s,p,t
p,k,y,n,f
p,k,y,e,f
e,f,s,n,f
p,k,y,e,f
p,k,y,n,f
p,k,y,n,f
p,f,y,n,f
p,k,s,e,f
p,k,y,e,f
e,x,s,n,f
p,f,s,e,f
e,k,s,g,f
p,k,s,e,f
p,k,s,e,f
e,f,s,n,f
p,k,s,n,f
e,x,f,g,f
e,k,s,n,f
p,f,s,e,f
p,k,s,n,f
e,f,y,n,t
e,x,f,g,f
e,k,s,w,f
e,b,s,n,f
p,k,y,e,f
p,k,y,e,f
e,k,y,n,f
e,x,f,g,f
p,k,s,n,f
p,k,y,e,f
p,k,y,n,f
p,f,y,n,f
e,f,s,n,f
p,f,y,e,f
p,k,s,n,f
p,k,s,n,f
e,b,s,n,f
e,x,f,g,f
p,k,s,n,f
p,k,y,n,f
e,x,s,g,f
p,k,y,n,f
p,k,s,e,f
p,k,y,e,f
e,b,s,n,f
e,b,s,g,f
p,x,y,e,f
p,k,s,n,f
p,k,y,e,f
p,k,y,e,f
p,k,s,n,f
p,k,y,e,f
p,k,s,e,f
p,x,s,e,f
p,k,s,e,f
p,k,s,n,f
e,b,f,g,f
p,k,y,n,f
e,f,s,n,t
p,k,s,n,f
p,f,y,y,f
p,k,s,n,f
p,f,y,e,f
e,x,f,g,f
p,k,y,n,f
p,k,s,n,f
p,f,y,n,f
e,f,s,n,f
p,k,y,n,f
p,f,y,n,f
p,k,s,n,f
p,f,y,e,f
p,k,s,n,f
p,x,y,e,f
p,k,y,n,f
e,x,s,w,f
e,x,s,g,f
e,x,f,w,f
p,k,s,n,f
p,k,s,e,f
p,k,y,e,f
p,k,s,e,f
p,k,s,n,f
p,k,y,n,f
p,k,y,e,f
p,k,s,n,f
p,k,s,e,f
e,f,s,n,f
p,f,s,n,f
p,k,s,n,f
e,x,s,g,f
e,x,f,w,f
p,k,y,n,f
e,x,s,n,f
p,k,y,n,f
p,k,y,n,f
p,k,y,n,f
p,k,y,e,f
p,k,s,n,f
e,b,s,n,f
e,f,s,n,f
e,b,s,w,f
p,k,s,n,f
e,x,s,n,f
p,k,y,n,f
e,b,f,g,f
e,b,s,g,f
p,x,s,n,f
e,x,s,n,f
e,x,s,w,f
e,x,s,n,f
e,k,s,g,f
e,x,s,w,f
p,f,y,c,f
e,x,s,n,f
p,k,s,e,f
p,k,y,e,f
e,x,s,w,f
e,k,f,w,f
e,b,f,g,f
e,k,s,n,f
p,k,y,n,f
p,f,y,e,f
p,k,s,e,f
e,k,s,n,f
e,f,s,p,t
p,k,y,n,f
e,b,s,w,f
p,k,s,e,f
e,k,s,w,f
p,k,y,n,f
p,k,s,n,f
e,f,s,n,f
p,k,s,n,f
p,k,y,e,f
e,x,s,n,f
e,x,f,w,f
e,x,f,g,f
e,x,s,n,f
p,k,s,n,f
p,k,y,e,f
e,x,s,w,f
p,k,y,e,f
e,x,f,g,f
p,k,s,n,f
p,f,y,n,f
p,k,s,e,f
e,k,s,n,f
p,k,s,e,f
p,k,s,n,f
e,b,s,g,f
p,k,y,n,f
p,k,s,n,f
e,k,f,g,f
p,k,y,n,f
p,k,s,e,f
p,k,y,n,f
p,k,s,e,f
e,k,f,w,f
p,k,y,e,f
p,k,y,e,f
e,b,f,w,f
e,x,s,g,f
e,b,s,g,f
p,k,y,e,f
p,k,s,n,f
p,k,y,e,f
e,b,s,w,f
p,f,s,e,f
p,k,s,n,f
e,k,s,w,f
p,k,y,e,f
p,k,s,e,f
p,k,s,n,f
e,x,s,n,t
p,k,s,n,f
p,k,y,e,f
p,b,y,y,f
p,k,y,e,f
e,x,s,n,t
p,k,s,e,f
e,k,f,g,f
p,k,s,e,f
p,k,s,e,f
p,k,s,n,f
p,k,y,n,f
e,x,f,g,f
e,b,s,w,f
p,k,y,e,f
e,b,s,n,f
p,k,y,e,f
p,k,s,e,f
e,b,s,g,f
p,k,s,e,f
e,b,s,n,f
p,f,s,n,f
p,k,s,e,f
p,k,s,n,f
p,k,y,n,f
e,b,f,g,f
e,k,s,w,f
p,k,s,n,f
p,f,y,n,f
e,x,s,w,f
e,x,s,n,f
p,k,s,n,f
p,k,y,n,f
e,k,s,n,f
e,b,f,w,f
e,x,s,w,f
p,f,y,e,f
p,k,y,e,f
p,x,y,e,f
e,f,s,n,f
p,k,s,n,f
p,x,s,n,f
p,k,y,e,f
e,b,s,w,f
e,b,s,g,f
e,k,f,g,f
e,k,f,g,f
e,x,f,w,f
p,k,y,e,f
p,f,y,e,f
p,k,y,e,f
p,f,s,n,f
e,b,s,w,f
e,k,s,w,f
e,b,f,w,f
e,f,s,n,f
p,k,y,e,f
p,k,s,n,f
p,k,s,n,f
p,f,y,n,f
p,x,s,e,f
e,f,s,n,f
e,k,f,w,f
p,k,s,n,f
p,x,s,n,f
e,b,f,g,f
p,k,y,n,f
e,b,s,n,f
e,f,s,n,f
p,k,y,e,f
p,k,s,e,f
p,k,y,n,f
p,k,y,e,f
p,k,y,n,f
e,x,s,g,f
p,k,y,n,f
e,f,y,c,t
e,b,s,n,f
p,k,s,e,f
p,k,s,n,f
p,k,y,n,f
e,b,f,g,f
p,k,y,n,f
e,b,f,w,f
p,k,s,e,f
e,x,s,w,f
p,k,y,e,f
p,k,y,e,f
e,x,s,w,f
p,k,y,e,f
p,k,y,n,f
e,k,s,n,f
e,k,s,n,f
p,k,s,e,f
p,k,s,e,f
e,k,s,n,f
p,k,s,n,f
p,k,s,e,f
p,k,y,e,f
p,k,y,e,f
p,k,y,e,f
e,k,f,w,f
e,b,s,n,f
p,k,s,e,f
e,f,s,n,f
e,f,y,n,f
p,k,y,e,f
e,f,s,g,t
e,x,s,p,t
p,c,y,y,f
p,k,s,e,f
p,k,y,e,f
p,k,y,e,f
e,b,s,n,f
p,k,s,n,f
e,x,s,w,f
p,x,s,e,f
p,x,y,c,f
p,f,s,n,f
e,k,s,n,f
e,b,y,n,f
p,f,s,n,f
p,k,s,n,f
e,b,s,g,f
e,x,y,n,t
p,f,s,n,f
e,k,s,n,f
e,b,f,w,f
e,x,f,w,f
p,k,s,n,f
p,x,y,n,f
p,k,y,e,f
e,x,s,n,f
p,k,s,e,f
p,x,s,e,f
p,k,s,n,f
p,k,y,e,f
p,k,y,n,f
p,k,s,e,f
e,b,f,g,f
e,k,s,n,f
p,k,y,n,f
p,k,y,y,f
e,k,s,w,f
e,x,s,n,f
p,k,s,n,f
e,k,f,g,f
e,k,f,w,f
e,f,s,n,f
e,x,s,w,f
e,b,s,g,f
e,x,f,w,f
e,k,f,w,f
p,k,s,n,f
p,k,y,e,f
e,k,f,g,f
e,x,s,w,f
p,k,s,n,f
p,k,y,n,f
p,k,y,n,f
p,k,s,e,f
p,k,s,e,f
e,b,s,n,f
p,k,s,e,f
e,x,s,g,f
e,x,s,n,f
e,b,s,w,f
p,k,s,e,f
e,x,s,n,f
p,k,s,n,f
p,k,s,e,f
p,k,y,e,f
e,b,f,w,f
p,k,y,n,f
p,k,s,e,f
e,b,s,g,f
p,k,s,n,f
p,x,s,n,f
p,k,y,e,f
e,x,s,w,f
e,x,s,w,f
p,k,y,n,f
e,k,s,n,f
p,k,s,e,f
p,k,y,e,f
e,b,s,n,f
e,b,f,g,f
p,k,s,e,f
p,k,s,n,f
p,f,y,n,f
p,f,y,n,f
e,f,s,n,f
p,k,y,n,f
e,k,s,w,f
e,b,s,n,f
p,k,y,n,f
p,k,s,n,f
p,k,s,e,f
e,k,s,w,f
p,k,y,e,f
e,x,s,w,f
p,k,y,e,f
p,k,y,e,f
p,k,y,n,f
p,f,y,c,f
p,x,s,n,f
e,k,f,g,f
p,k,s,e,f
p,x,y,n,f
p,f,y,e,f
e,k,s,n,f
p,k,s,n,f
e,b,f,g,f
e,b,f,w,f
e,x,s,n,f
p,k,y,n,f
e,f,s,n,f
e,x,s,w,f
p,k,s,e,f
p,k,s,e,f
e,x,s,g,f
e,b,s,g,f
p,k,y,n,f
p,k,y,e,f
p,k,y,e,f
p,k,y,n,f
e,x,f,w,f
p,k,y,e,f
e,b,s,n,f
p,k,y,n,f
p,k,s,n,f
e,b,s,n,f
e,f,s,n,f
e,k,s,g,f
e,f,s,n,f
p,k,y,e,f
e,b,s,n,f
e,k,s,n,f
p,k,y,e,f
e,f,s,n,f
p,k,s,e,f
e,b,f,g,f
p,k,y,n,f
e,f,s,n,f
p,k,s,n,f
e,x,s,g,f
e,x,s,g,f
e,k,s,n,f
e,x,s,n,f
p,k,y,e,f
e,x,f,g,f
p,k,s,n,f
p,k,y,e,f
p,k,y,n,f
p,k,s,e,f
p,k,y,n,f
p,k,y,e,f
e,x,s,w,f
p,k,s,n,f
p,k,s,e,f
p,k,s,e,f
e,x,f,g,f
e,x,s,n,f
e,b,s,w,f
p,k,s,n,f
p,k,y,n,f
p,k,s,n,f
p,x,y,e,f
p,k,y,e,f
e,x,s,n,f
e,x,s,g,f
p,k,s,e,f
p,k,y,e,f
e,k,s,w,f
e,b,s,n,f
e,k,s,w,f
p,k,s,e,f
p,k,y,n,f
p,k,s,e,f
p,k,s,n,f
p,x,s,n,f
e,k,s,n,f
p,k,s,n,f
p,k,s,n,f
p,k,y,e,f
e,x,f,w,f
p,f,s,e,f
p,k,s,n,f
p,k,s,e,f
e,f,s,n,f
e,x,y,n,f
p,k,y,n,f
p,k,s,e,f
e,b,s,w,f
p,k,y,n,f
p,k,s,n,f
e,x,s,n,f
e,x,s,g,f
e,x,s,g,f
p,f,y,n,f
p,f,y,n,f
e,f,y,g,t
p,k,s,e,f
e,x,f,w,f
p,k,y,n,f
p,k,s,n,f
p,x,s,e,f
e,x,f,g,f
e,f,s,n,f
p,x,y,e,f
e,b,f,w,f
p,k,s,e,f
e,x,f,g,f
p,f,y,n,f
e,x,s,n,f
e,b,s,g,f
e,b,s,n,f
p,k,s,e,f
e,f,s,n,f
e,x,f,g,f
p,k,s,n,f
e,x,f,w,f
e,f,y,p,t
p,k,y,e,f
e,k,f,g,f
e,k,s,n,f
p,k,s,n,f
p,k,s,n,f
p,k,s,e,f
p,k,y,n,f
e,k,s,n,f
p,k,y,n,f
e,k,f,w,f
p,k,y,e,f
e,f,s,n,f
p,k,s,e,f
e,x,f,g,f
p,k,y,e,f
p,k,y,e,f
p,k,s,n,f
e,b,s,n,f
e,k,s,w,f
e,b,s,n,f
e,f,y,g,t
p,k,y,e,f
p,x,y,e,f
p,k,y,n,f
e,k,s,n,f
e,k,s,n,f
e,x,y,c,t
p,k,s,e,f
p,k,y,n,f
p,k,s,e,f
p,k,y,n,f
p,k,y,e,f
e,f,s,c,t
e,x,s,n,f
e,b,f,w,f
e,k,f,g,f
e,f,s,n,f
e,k,s,n,f
e,k,f,w,f
p,k,y,e,f
e,b,f,w,f
p,k,y,n,f
p,k,y,e,f
p,k,y,n,f
e,x,s,n,f
e,x,y,n,t
e,b,s,w,f
p,f,y,n,f
p,k,s,n,f
p,k,s,e,f
e,x,s,n,f
e,x,s,n,f
e,b,s,w,f
p,x,y,e,f
e,b,f,w,f
e,b,f,w,f
e,b,f,w,f
e,k,s,n,f
p,k,y,e,f
e,k,s,n,f
p,k,s,e,f
p,k,y,c,f
p,k,s,n,f
e,x,s,g,f
e,f,s,n,f
e,k,s,n,f
e,b,y,n,f
p,x,s,n,f
e,b,s,n,f
p,f,s,n,f
p,k,y,n,f
e,k,s,g,f
p,k,y,n,f
e,k,f,g,f
e,x,s,n,f
p,k,s,e,f
e,f,s,n,f
p,k,s,n,f
p,k,y,n,f
e,k,s,n,f
e,b,s,n,f
e,x,y,n,f
e,x,s,w,f
e,f,s,n,f
p,f,s,n,f
p,x,y,e,f
p,k,y,e,f
p,k,s,e,f
p,k,s,e,f
e,b,s,n,f
e,x,s,n,f
e,f,s,n,f
p,k,s,n,f
e,b,s,n,f
e,k,s,g,f
e,k,f,w,f
p,k,s,e,f
e,b,f,w,f
e,x,s,w,f
e,b,f,w,f
p,k,y,n,f
p,f,s,n,f
p,f,y,e,f
p,k,s,e,f
p,k,y,n,f
e,x,s,n,f
e,f,s,n,f
p,k,y,n,f
p,k,s,n,f
e,x,f,g,f
e,k,s,w,f
p,k,y,e,f
p,x,s,n,f
p,k,y,n,f
e,k,s,n,f
e,b,f,w,f
e,k,s,n,f
p,k,y,e,f
e,x,y,g,t
p,k,s,e,f
e,b,s,n,f
p,k,y,e,f
e,x,s,n,f
e,f,s,n,f
e,f,s,n,f
p,k,y,e,f
e,b,f,g,f
p,k,s,e,f
p,k,s,n,f
p,k,y,n,f
p,k,s,n,f
e,x,f,w,f
e,f,s,n,f
p,k,y,n,f
e,x,s,n,f
e,b,f,g,f
e,b,s,n,f
e,x,s,n,f
p,k,s,e,f
p,k,s,n,f
p,k,s,n,f
p,k,s,n,f
p,k,y,n,f
e,k,f,w,f
p,k,y,e,f
e,k,s,n,f
p,k,s,e,f
e,b,s,n,f
e,f,s,n,f
e,k,s,n,f
p,k,y,e,f
e,k,s,n,f
p,k,y,e,f
e,k,s,n,f
e,b,f,g,f
e,f,s,n,f
e,b,s,n,f
e,f,s,n,f
e,b,f,g,f
p,k,y,e,f
p,k,s,n,f
p,k,y,n,f
p,k,s,e,f
p,k,y,n,f
e,b,f,g,f
e,k,f,w,f
e,k,s,n,f
p,x,s,e,f
e,k,s,n,f
p,k,y,e,f
p,k,s,n,f
p,k,y,e,f
p,k,y,e,f
p,x,s,n,f
e,b,s,g,f
p,x,y,c,f
e,k,f,w,f
p,k,y,n,f
p,k,s,e,f
e,k,f,w,f
e,f,s,n,f
p,k,s,e,f
e,x,s,n,f
e,k,s,n,f
e,k,s,n,f
e,k,s,n,f
e,k,s,n,f
e,x,s,n,f
p,k,y,e,f
e,b,s,w,f
e,x,s,n,f
e,k,s,w,f
e,k,s,n,f
p,k,y,e,f
p,f,y,c,f
e,x,s,n,f
p,k,y,n,f
p,k,s,e,f
p,k,y,n,f
e,k,s,n,f
e,x,s,n,f
e,f,s,n,f
p,k,y,n,f
e,x,s,n,f
